applicationId,productId,entityId,licenseTypeSought,applicationType,submissionDate,receivedDate,source,applicationStatus,statusLastUpdated,assignedReviewerId,additionalReviewerIds,reviewTeam,reviewDeadlineSLA,supportingDocumentIds,communicationLog_json,sanctionScreening_json,generalNotes_json,decision,decisionDate,decisionReason,effectiveLicenseId
APP-2401-0001,prod_001,ent_001,Payment Institution License,New License,45301,45303,Direct Portal,Approved,45402,reg_003,,Alpha Review Team,,"doc_001,doc_002,doc_003,doc_004,doc_005","[{""logId"":""clog_1_1"",""date"":""2024-02-15"",""type"":""Email"",""summary"":""Log 1: Discussed [Topic 1]. Status: Resolved."",""loggedByStaffId"":""reg_005""}]","{""overallScreeningStatus"":""Clear"",""lastScreeningDate"":""2024-01-15"",""screenedParties"":[{""partyId"":""person_dir_1"",""partyName"":""Director 1 Name"",""screeningResult"":""Clear"",""listsChecked"":[""OFAC"",""UN"",""EU"",""Local List A""]},{""partyId"":""person_ubo_1"",""partyName"":""UBO 1 Name"",""screeningResult"":""Clear"",""listsChecked"":[""OFAC"",""UN"",""EU"",""Local List B""]}],""adjudicationNotes"":""All parties cleared through initial screening."",""adjudicatedByStaffId"":""reg_003""}",[],Approved,45402,The application has successfully met all stipulated regulatory criteria and demonstrated full operational preparedness.,LIC-2024-001
APP-2403-0002,prod_002,ent_001,E-Money Institution License,New License,45356,45358,Sandbox,Approved,45458,reg_005,reg_001,Beta Review Team,,"doc_003,doc_006,doc_001","[{""logId"":""clog_2_1"",""date"":""2024-04-10"",""type"":""Call"",""summary"":""Log 1: Discussed [Topic 1]. Status: Resolved."",""loggedByStaffId"":""reg_002""},{""logId"":""clog_2_2"",""date"":""2024-05-20"",""type"":""Internal Note"",""summary"":""Log 2: Discussed [Topic 2]. Status: Resolved."",""loggedByStaffId"":""reg_007""}]","{""overallScreeningStatus"":""Clear"",""lastScreeningDate"":""2024-03-12"",""screenedParties"":[{""partyId"":""person_dir_2"",""partyName"":""Director 2 Name"",""screeningResult"":""Clear"",""listsChecked"":[""OFAC"",""UN"",""EU"",""Local List A""]},{""partyId"":""person_ubo_2"",""partyName"":""UBO 2 Name"",""screeningResult"":""Clear"",""listsChecked"":[""OFAC"",""UN"",""EU"",""Local List B""]}],""adjudicationNotes"":""All parties cleared through initial screening."",""adjudicatedByStaffId"":""reg_005""}",[],Approved,45458,The application has successfully met all stipulated regulatory criteria and demonstrated full operational preparedness.,LIC-2024-002
APP-2408-0003,prod_003,ent_002,Crypto Asset Service Provider License,New License,45516,45519,Direct Portal,Approved,45616,reg_008,,Gamma Review Team,,"doc_005,doc_007,doc_002,doc_009","[{""logId"":""clog_3_1"",""date"":""2024-09-15"",""type"":""Internal Note"",""summary"":""Log 1: Discussed [Topic 1]. Status: Resolved."",""loggedByStaffId"":""reg_001""}]","{""overallScreeningStatus"":""Clear"",""lastScreeningDate"":""2024-08-18"",""screenedParties"":[{""partyId"":""person_dir_3"",""partyName"":""Director 3 Name"",""screeningResult"":""Clear"",""listsChecked"":[""OFAC"",""UN"",""EU"",""Local List A""]},{""partyId"":""person_ubo_3"",""partyName"":""UBO 3 Name"",""screeningResult"":""Clear"",""listsChecked"":[""OFAC"",""UN"",""EU"",""Local List B""]}],""adjudicationNotes"":""All parties cleared through initial screening."",""adjudicatedByStaffId"":""reg_008""}",[],Approved,45616,The application has successfully met all stipulated regulatory criteria and demonstrated full operational preparedness.,LIC-2024-003
APP-2401-0004,prod_004,ent_003,Investment Firm License,New License,45316,45319,Sandbox,Approved,45422,reg_002,reg_006,Alpha Review Team,,"doc_010,doc_001,doc_003","[{""logId"":""clog_4_1"",""date"":""2024-02-28"",""type"":""Email"",""summary"":""Log 1: Discussed [Topic 1]. Status: Resolved."",""loggedByStaffId"":""reg_003""},{""logId"":""clog_4_2"",""date"":""2024-04-01"",""type"":""Call"",""summary"":""Log 2: Discussed [Topic 2]. Status: Resolved."",""loggedByStaffId"":""reg_004""}]","{""overallScreeningStatus"":""Clear"",""lastScreeningDate"":""2024-02-01"",""screenedParties"":[{""partyId"":""person_dir_4"",""partyName"":""Director 4 Name"",""screeningResult"":""Clear"",""listsChecked"":[""OFAC"",""UN"",""EU"",""Local List A""]},{""partyId"":""person_ubo_4"",""partyName"":""UBO 4 Name"",""screeningResult"":""Clear"",""listsChecked"":[""OFAC"",""UN"",""EU"",""Local List B""]}],""adjudicationNotes"":""All parties cleared through initial screening."",""adjudicatedByStaffId"":""reg_002""}",[],Approved,45422,The application has successfully met all stipulated regulatory criteria and demonstrated full operational preparedness.,LIC-2024-004
APP-2406-0005,prod_005,ent_004,Credit Institution License,New License,45461,45463,Direct Portal,Approved,45560,reg_004,,Beta Review Team,,"doc_002,doc_004,doc_006,doc_008,doc_011,doc_005","[{""logId"":""clog_5_1"",""date"":""2024-07-20"",""type"":""Call"",""summary"":""Log 1: Discussed [Topic 1]. Status: Resolved."",""loggedByStaffId"":""reg_008""}]","{""overallScreeningStatus"":""Clear"",""lastScreeningDate"":""2024-06-25"",""screenedParties"":[{""partyId"":""person_dir_5"",""partyName"":""Director 5 Name"",""screeningResult"":""Clear"",""listsChecked"":[""OFAC"",""UN"",""EU"",""Local List A""]},{""partyId"":""person_ubo_5"",""partyName"":""UBO 5 Name"",""screeningResult"":""Clear"",""listsChecked"":[""OFAC"",""UN"",""EU"",""Local List B""]}],""adjudicationNotes"":""All parties cleared through initial screening."",""adjudicatedByStaffId"":""reg_004""}",[],Approved,45560,The application has successfully met all stipulated regulatory criteria and demonstrated full operational preparedness.,LIC-2024-005
APP-2409-0006,prod_006,ent_005,PISP/AISP License,New License,45538,45540,Sandbox,Approved,45672,reg_001,,Gamma Review Team,,"doc_007,doc_009,doc_012,doc_001","[{""logId"":""clog_6_1"",""date"":""2024-10-05"",""type"":""Internal Note"",""summary"":""Log 1: Discussed [Topic 1]. Status: Resolved."",""loggedByStaffId"":""reg_006""},{""logId"":""clog_6_2"",""date"":""2024-11-15"",""type"":""Email"",""summary"":""Log 2: Discussed [Topic 2]. Status: Resolved."",""loggedByStaffId"":""reg_005""},{""logId"":""clog_6_3"",""date"":""2024-12-20"",""type"":""Call"",""summary"":""Log 3: Discussed [Topic 3]. Status: Resolved."",""loggedByStaffId"":""reg_001""}]","{""overallScreeningStatus"":""Clear"",""lastScreeningDate"":""2024-09-10"",""screenedParties"":[{""partyId"":""person_dir_6"",""partyName"":""Director 6 Name"",""screeningResult"":""Clear"",""listsChecked"":[""OFAC"",""UN"",""EU"",""Local List A""]},{""partyId"":""person_ubo_6"",""partyName"":""UBO 6 Name"",""screeningResult"":""Clear"",""listsChecked"":[""OFAC"",""UN"",""EU"",""Local List B""]}],""adjudicationNotes"":""All parties cleared through initial screening."",""adjudicatedByStaffId"":""reg_001""}",[],Approved,45672,The application has successfully met all stipulated regulatory criteria and demonstrated full operational preparedness.,LIC-2025-006
APP-2402-0007,prod_007,ent_006,Payment Institution License,License Renewal,45337,45340,Direct Portal,Approved,45440,reg_007,reg_003,Alpha Review Team,,"doc_003,doc_005,doc_007,doc_009,doc_011,doc_002","[{""logId"":""clog_7_1"",""date"":""2024-03-20"",""type"":""Email"",""summary"":""Log 1: Discussed [Topic 1]. Status: Resolved."",""loggedByStaffId"":""reg_002""}]","{""overallScreeningStatus"":""Clear"",""lastScreeningDate"":""2024-02-22"",""screenedParties"":[{""partyId"":""person_dir_7"",""partyName"":""Director 7 Name"",""screeningResult"":""Clear"",""listsChecked"":[""OFAC"",""UN"",""EU"",""Local List A""]},{""partyId"":""person_ubo_7"",""partyName"":""UBO 7 Name"",""screeningResult"":""Clear"",""listsChecked"":[""OFAC"",""UN"",""EU"",""Local List B""]}],""adjudicationNotes"":""All parties cleared through initial screening."",""adjudicatedByStaffId"":""reg_007""}",[],Approved,45440,The application has successfully met all stipulated regulatory criteria and demonstrated full operational preparedness.,LIC-2024-007
APP-2405-0008,prod_008,ent_007,Investment Firm License,New License,45420,45422,Sandbox,Approved,45523,reg_008,,Beta Review Team,,"doc_006,doc_008,doc_010,doc_012,doc_004","[{""logId"":""clog_8_1"",""date"":""2024-06-10"",""type"":""Call"",""summary"":""Log 1: Discussed [Topic 1]. Status: Resolved."",""loggedByStaffId"":""reg_004""},{""logId"":""clog_8_2"",""date"":""2024-07-18"",""type"":""Internal Note"",""summary"":""Log 2: Discussed [Topic 2]. Status: Resolved."",""loggedByStaffId"":""reg_003""}]","{""overallScreeningStatus"":""Clear"",""lastScreeningDate"":""2024-05-15"",""screenedParties"":[{""partyId"":""person_dir_8"",""partyName"":""Director 8 Name"",""screeningResult"":""Clear"",""listsChecked"":[""OFAC"",""UN"",""EU"",""Local List A""]},{""partyId"":""person_ubo_8"",""partyName"":""UBO 8 Name"",""screeningResult"":""Clear"",""listsChecked"":[""OFAC"",""UN"",""EU"",""Local List B""]}],""adjudicationNotes"":""All parties cleared through initial screening."",""adjudicatedByStaffId"":""reg_008""}",[],Approved,45523,The application has successfully met all stipulated regulatory criteria and demonstrated full operational preparedness.,LIC-2024-008
APP-2407-0009,prod_009,ent_008,Payment Institution License,New License,45495,45498,Direct Portal,Approved,45595,reg_003,,Gamma Review Team,,"doc_001,doc_003,doc_005,doc_007,doc_009,doc_011,doc_002","[{""logId"":""clog_9_1"",""date"":""2024-08-25"",""type"":""Internal Note"",""summary"":""Log 1: Discussed [Topic 1]. Status: Resolved."",""loggedByStaffId"":""reg_005""}]","{""overallScreeningStatus"":""Clear"",""lastScreeningDate"":""2024-07-30"",""screenedParties"":[{""partyId"":""person_dir_9"",""partyName"":""Director 9 Name"",""screeningResult"":""Clear"",""listsChecked"":[""OFAC"",""UN"",""EU"",""Local List A""]},{""partyId"":""person_ubo_9"",""partyName"":""UBO 9 Name"",""screeningResult"":""Clear"",""listsChecked"":[""OFAC"",""UN"",""EU"",""Local List B""]}],""adjudicationNotes"":""All parties cleared through initial screening."",""adjudicatedByStaffId"":""reg_003""}",[],Approved,45595,The application has successfully met all stipulated regulatory criteria and demonstrated full operational preparedness.,LIC-2024-009
APP-2404-0010,prod_010,ent_009,Crypto Asset Service Provider License,New License,45392,45394,Sandbox,Approved,45495,reg_006,reg_002,Alpha Review Team,,"doc_004,doc_006,doc_008,doc_010,doc_012","[{""logId"":""clog_10_1"",""date"":""2024-05-12"",""type"":""Email"",""summary"":""Log 1: Discussed [Topic 1]. Status: Resolved."",""loggedByStaffId"":""reg_001""},{""logId"":""clog_10_2"",""date"":""2024-06-20"",""type"":""Call"",""summary"":""Log 2: Discussed [Topic 2]. Status: Resolved."",""loggedByStaffId"":""reg_008""}]","{""overallScreeningStatus"":""Clear"",""lastScreeningDate"":""2024-04-17"",""screenedParties"":[{""partyId"":""person_dir_10"",""partyName"":""Director 10 Name"",""screeningResult"":""Clear"",""listsChecked"":[""OFAC"",""UN"",""EU"",""Local List A""]},{""partyId"":""person_ubo_10"",""partyName"":""UBO 10 Name"",""screeningResult"":""Clear"",""listsChecked"":[""OFAC"",""UN"",""EU"",""Local List B""]}],""adjudicationNotes"":""All parties cleared through initial screening."",""adjudicatedByStaffId"":""reg_006""}",[],Approved,45495,The application has successfully met all stipulated regulatory criteria and demonstrated full operational preparedness.,LIC-2024-010
APP-2409-0011,prod_011,ent_010,Investment Firm License,New License,45550,45553,Direct Portal,Approved,45654,reg_001,,Beta Review Team,,"doc_001,doc_003,doc_005,doc_007,doc_009","[{""logId"":""clog_11_1"",""date"":""2024-10-18"",""type"":""Call"",""summary"":""Log 1: Discussed [Topic 1]. Status: Resolved."",""loggedByStaffId"":""reg_007""}]","{""overallScreeningStatus"":""Clear"",""lastScreeningDate"":""2024-09-23"",""screenedParties"":[{""partyId"":""person_dir_11"",""partyName"":""Director 11 Name"",""screeningResult"":""Clear"",""listsChecked"":[""OFAC"",""UN"",""EU"",""Local List A""]},{""partyId"":""person_ubo_11"",""partyName"":""UBO 11 Name"",""screeningResult"":""Clear"",""listsChecked"":[""OFAC"",""UN"",""EU"",""Local List B""]}],""adjudicationNotes"":""All parties cleared through initial screening."",""adjudicatedByStaffId"":""reg_001""}",[],Approved,45654,The application has successfully met all stipulated regulatory criteria and demonstrated full operational preparedness.,LIC-2024-011
APP-2407-0012,prod_012,ent_011,Investment Firm License,New License,45474,45476,Sandbox,Approved,45577,reg_005,,Gamma Review Team,,"doc_002,doc_004,doc_006,doc_008,doc_010,doc_012","[{""logId"":""clog_12_1"",""date"":""2024-08-03"",""type"":""Internal Note"",""summary"":""Log 1: Discussed [Topic 1]. Status: Resolved."",""loggedByStaffId"":""reg_004""},{""logId"":""clog_12_2"",""date"":""2024-09-10"",""type"":""Email"",""summary"":""Log 2: Discussed [Topic 2]. Status: Resolved."",""loggedByStaffId"":""reg_002""},{""logId"":""clog_12_3"",""date"":""2024-09-25"",""type"":""Call"",""summary"":""Log 3: Discussed [Topic 3]. Status: Resolved."",""loggedByStaffId"":""reg_005""}]","{""overallScreeningStatus"":""Clear"",""lastScreeningDate"":""2024-07-08"",""screenedParties"":[{""partyId"":""person_dir_12"",""partyName"":""Director 12 Name"",""screeningResult"":""Clear"",""listsChecked"":[""OFAC"",""UN"",""EU"",""Local List A""]},{""partyId"":""person_ubo_12"",""partyName"":""UBO 12 Name"",""screeningResult"":""Clear"",""listsChecked"":[""OFAC"",""UN"",""EU"",""Local List B""]}],""adjudicationNotes"":""All parties cleared through initial screening."",""adjudicatedByStaffId"":""reg_005""}",[],Approved,45577,The application has successfully met all stipulated regulatory criteria and demonstrated full operational preparedness.,LIC-2024-012
APP-2403-0013,prod_013,ent_012,Credit Institution License,License Renewal,45371,45374,Direct Portal,Approved,45474,reg_008,reg_007,Alpha Review Team,,"doc_001,doc_003,doc_005,doc_007,doc_009,doc_011,doc_002,doc_004","[{""logId"":""clog_13_1"",""date"":""2024-04-23"",""type"":""Email"",""summary"":""Log 1: Discussed [Topic 1]. Status: Resolved."",""loggedByStaffId"":""reg_003""}]","{""overallScreeningStatus"":""Clear"",""lastScreeningDate"":""2024-03-28"",""screenedParties"":[{""partyId"":""person_dir_13"",""partyName"":""Director 13 Name"",""screeningResult"":""Clear"",""listsChecked"":[""OFAC"",""UN"",""EU"",""Local List A""]},{""partyId"":""person_ubo_13"",""partyName"":""UBO 13 Name"",""screeningResult"":""Clear"",""listsChecked"":[""OFAC"",""UN"",""EU"",""Local List B""]}],""adjudicationNotes"":""All parties cleared through initial screening."",""adjudicatedByStaffId"":""reg_008""}",[],Approved,45474,The application has successfully met all stipulated regulatory criteria and demonstrated full operational preparedness.,LIC-2024-013
APP-2408-0014,prod_014,ent_013,Crypto Asset Service Provider License,New License,45509,45511,Sandbox,Approved,45611,reg_002,,Beta Review Team,,"doc_006,doc_008,doc_010,doc_012","[{""logId"":""clog_14_1"",""date"":""2024-09-07"",""type"":""Call"",""summary"":""Log 1: Discussed [Topic 1]. Status: Resolved."",""loggedByStaffId"":""reg_001""},{""logId"":""clog_14_2"",""date"":""2024-10-15"",""type"":""Internal Note"",""summary"":""Log 2: Discussed [Topic 2]. Status: Resolved."",""loggedByStaffId"":""reg_006""}]","{""overallScreeningStatus"":""Clear"",""lastScreeningDate"":""2024-08-12"",""screenedParties"":[{""partyId"":""person_dir_14"",""partyName"":""Director 14 Name"",""screeningResult"":""Clear"",""listsChecked"":[""OFAC"",""UN"",""EU"",""Local List A""]},{""partyId"":""person_ubo_14"",""partyName"":""UBO 14 Name"",""screeningResult"":""Clear"",""listsChecked"":[""OFAC"",""UN"",""EU"",""Local List B""]}],""adjudicationNotes"":""All parties cleared through initial screening."",""adjudicatedByStaffId"":""reg_002""}",[],Approved,45611,The application has successfully met all stipulated regulatory criteria and demonstrated full operational preparedness.,LIC-2024-014
APP-2401-0015,prod_015,ent_014,Payment Institution License,New License,45319,45321,Direct Portal,Approved,45422,reg_004,reg_008,Gamma Review Team,,"doc_001,doc_002,doc_003,doc_004,doc_005,doc_006,doc_007","[{""logId"":""clog_15_1"",""date"":""2024-03-01"",""type"":""Internal Note"",""summary"":""Log 1: Discussed [Topic 1]. Status: Resolved."",""loggedByStaffId"":""reg_007""}]","{""overallScreeningStatus"":""Clear"",""lastScreeningDate"":""2024-02-04"",""screenedParties"":[{""partyId"":""person_dir_15"",""partyName"":""Director 15 Name"",""screeningResult"":""Clear"",""listsChecked"":[""OFAC"",""UN"",""EU"",""Local List A""]},{""partyId"":""person_ubo_15"",""partyName"":""UBO 15 Name"",""screeningResult"":""Clear"",""listsChecked"":[""OFAC"",""UN"",""EU"",""Local List B""]}],""adjudicationNotes"":""All parties cleared through initial screening."",""adjudicatedByStaffId"":""reg_004""}",[],Approved,45422,The application has successfully met all stipulated regulatory criteria and demonstrated full operational preparedness.,LIC-2024-015
APP-2406-0016,prod_016,ent_015,E-Money Institution License,New License,45446,45448,Sandbox,Approved,45547,reg_001,,Alpha Review Team,,"doc_008,doc_009,doc_010,doc_011,doc_012","[{""logId"":""clog_16_1"",""date"":""2024-07-05"",""type"":""Email"",""summary"":""Log 1: Discussed [Topic 1]. Status: Resolved."",""loggedByStaffId"":""reg_005""},{""logId"":""clog_16_2"",""date"":""2024-08-12"",""type"":""Call"",""summary"":""Log 2: Discussed [Topic 2]. Status: Resolved."",""loggedByStaffId"":""reg_002""}]","{""overallScreeningStatus"":""Clear"",""lastScreeningDate"":""2024-06-10"",""screenedParties"":[{""partyId"":""person_dir_16"",""partyName"":""Director 16 Name"",""screeningResult"":""Clear"",""listsChecked"":[""OFAC"",""UN"",""EU"",""Local List A""]},{""partyId"":""person_ubo_16"",""partyName"":""UBO 16 Name"",""screeningResult"":""Clear"",""listsChecked"":[""OFAC"",""UN"",""EU"",""Local List B""]}],""adjudicationNotes"":""All parties cleared through initial screening."",""adjudicatedByStaffId"":""reg_001""}",[],Approved,45547,The application has successfully met all stipulated regulatory criteria and demonstrated full operational preparedness.,LIC-2024-016
APP-2409-0017,prod_017,ent_016,Payment Institution License,New License,45555,45557,Direct Portal,Approved,45662,reg_007,,Beta Review Team,,"doc_001,doc_002,doc_003,doc_004,doc_005","[{""logId"":""clog_17_1"",""date"":""2024-10-22"",""type"":""Call"",""summary"":""Log 1: Discussed [Topic 1]. Status: Resolved."",""loggedByStaffId"":""reg_004""}]","{""overallScreeningStatus"":""Clear"",""lastScreeningDate"":""2024-09-27"",""screenedParties"":[{""partyId"":""person_dir_17"",""partyName"":""Director 17 Name"",""screeningResult"":""Clear"",""listsChecked"":[""OFAC"",""UN"",""EU"",""Local List A""]},{""partyId"":""person_ubo_17"",""partyName"":""UBO 17 Name"",""screeningResult"":""Clear"",""listsChecked"":[""OFAC"",""UN"",""EU"",""Local List B""]}],""adjudicationNotes"":""All parties cleared through initial screening."",""adjudicatedByStaffId"":""reg_007""}",[],Approved,45662,The application has successfully met all stipulated regulatory criteria and demonstrated full operational preparedness.,LIC-2025-017
APP-2405-0018,prod_018,ent_017,PISP/AISP License,License Renewal,45424,45427,Sandbox,Approved,45529,reg_003,reg_005,Gamma Review Team,,"doc_006,doc_007,doc_008,doc_009,doc_010,doc_011,doc_012","[{""logId"":""clog_18_1"",""date"":""2024-06-15"",""type"":""Internal Note"",""summary"":""Log 1: Discussed [Topic 1]. Status: Resolved."",""loggedByStaffId"":""reg_008""},{""logId"":""clog_18_2"",""date"":""2024-07-20"",""type"":""Email"",""summary"":""Log 2: Discussed [Topic 2]. Status: Resolved."",""loggedByStaffId"":""reg_001""},{""logId"":""clog_18_3"",""date"":""2024-08-01"",""type"":""Call"",""summary"":""Log 3: Discussed [Topic 3]. Status: Resolved."",""loggedByStaffId"":""reg_003""}]","{""overallScreeningStatus"":""Clear"",""lastScreeningDate"":""2024-05-20"",""screenedParties"":[{""partyId"":""person_dir_18"",""partyName"":""Director 18 Name"",""screeningResult"":""Clear"",""listsChecked"":[""OFAC"",""UN"",""EU"",""Local List A""]},{""partyId"":""person_ubo_18"",""partyName"":""UBO 18 Name"",""screeningResult"":""Clear"",""listsChecked"":[""OFAC"",""UN"",""EU"",""Local List B""]}],""adjudicationNotes"":""All parties cleared through initial screening."",""adjudicatedByStaffId"":""reg_003""}",[],Approved,45529,The application has successfully met all stipulated regulatory criteria and demonstrated full operational preparedness.,LIC-2024-018
APP-2402-0019,prod_019,ent_018,Investment Firm License,New License,45350,45352,Direct Portal,Approved,45453,reg_006,,Alpha Review Team,,"doc_001,doc_003,doc_005,doc_007,doc_009,doc_011,doc_002,doc_004,doc_006","[{""logId"":""clog_19_1"",""date"":""2024-04-01"",""type"":""Email"",""summary"":""Log 1: Discussed [Topic 1]. Status: Resolved."",""loggedByStaffId"":""reg_002""}]","{""overallScreeningStatus"":""Clear"",""lastScreeningDate"":""2024-03-06"",""screenedParties"":[{""partyId"":""person_dir_19"",""partyName"":""Director 19 Name"",""screeningResult"":""Clear"",""listsChecked"":[""OFAC"",""UN"",""EU"",""Local List A""]},{""partyId"":""person_ubo_19"",""partyName"":""UBO 19 Name"",""screeningResult"":""Clear"",""listsChecked"":[""OFAC"",""UN"",""EU"",""Local List B""]}],""adjudicationNotes"":""All parties cleared through initial screening."",""adjudicatedByStaffId"":""reg_006""}",[],Approved,45453,The application has successfully met all stipulated regulatory criteria and demonstrated full operational preparedness.,LIC-2024-019
APP-2407-0020,prod_020,ent_019,Crypto Asset Service Provider License,New License,45488,45491,Sandbox,Approved,45593,reg_008,,Beta Review Team,,"doc_008,doc_010,doc_012,doc_001","[{""logId"":""clog_20_1"",""date"":""2024-08-18"",""type"":""Call"",""summary"":""Log 1: Discussed [Topic 1]. Status: Resolved."",""loggedByStaffId"":""reg_004""},{""logId"":""clog_20_2"",""date"":""2024-09-25"",""type"":""Internal Note"",""summary"":""Log 2: Discussed [Topic 2]. Status: Resolved."",""loggedByStaffId"":""reg_007""}]","{""overallScreeningStatus"":""Clear"",""lastScreeningDate"":""2024-07-23"",""screenedParties"":[{""partyId"":""person_dir_20"",""partyName"":""Director 20 Name"",""screeningResult"":""Clear"",""listsChecked"":[""OFAC"",""UN"",""EU"",""Local List A""]},{""partyId"":""person_ubo_20"",""partyName"":""UBO 20 Name"",""screeningResult"":""Clear"",""listsChecked"":[""OFAC"",""UN"",""EU"",""Local List B""]}],""adjudicationNotes"":""All parties cleared through initial screening."",""adjudicatedByStaffId"":""reg_008""}",[],Approved,45593,The application has successfully met all stipulated regulatory criteria and demonstrated full operational preparedness.,LIC-2024-020
APP-2404-0021,prod_021,ent_020,Crypto Asset Service Provider License,New License,45383,45385,Direct Portal,Approved,45488,reg_004,reg_001,Gamma Review Team,,"doc_003,doc_005,doc_007,doc_009,doc_011,doc_002,doc_004,doc_006","[{""logId"":""clog_21_1"",""date"":""2024-05-03"",""type"":""Internal Note"",""summary"":""Log 1: Discussed [Topic 1]. Status: Resolved."",""loggedByStaffId"":""reg_003""}]","{""overallScreeningStatus"":""Clear"",""lastScreeningDate"":""2024-04-08"",""screenedParties"":[{""partyId"":""person_dir_21"",""partyName"":""Director 21 Name"",""screeningResult"":""Clear"",""listsChecked"":[""OFAC"",""UN"",""EU"",""Local List A""]},{""partyId"":""person_ubo_21"",""partyName"":""UBO 21 Name"",""screeningResult"":""Clear"",""listsChecked"":[""OFAC"",""UN"",""EU"",""Local List B""]}],""adjudicationNotes"":""All parties cleared through initial screening."",""adjudicatedByStaffId"":""reg_004""}",[],Approved,45488,The application has successfully met all stipulated regulatory criteria and demonstrated full operational preparedness.,LIC-2024-021
APP-2409-0022,prod_022,ent_021,PISP/AISP License,New License,45563,45565,Sandbox,Approved,45667,reg_002,,Alpha Review Team,,"doc_008,doc_010,doc_012,doc_001,doc_003,doc_005,doc_007","[{""logId"":""clog_22_1"",""date"":""2024-10-30"",""type"":""Email"",""summary"":""Log 1: Discussed [Topic 1]. Status: Resolved."",""loggedByStaffId"":""reg_006""},{""logId"":""clog_22_2"",""date"":""2024-12-05"",""type"":""Call"",""summary"":""Log 2: Discussed [Topic 2]. Status: Resolved."",""loggedByStaffId"":""reg_008""}]","{""overallScreeningStatus"":""Clear"",""lastScreeningDate"":""2024-10-05"",""screenedParties"":[{""partyId"":""person_dir_22"",""partyName"":""Director 22 Name"",""screeningResult"":""Clear"",""listsChecked"":[""OFAC"",""UN"",""EU"",""Local List A""]},{""partyId"":""person_ubo_22"",""partyName"":""UBO 22 Name"",""screeningResult"":""Clear"",""listsChecked"":[""OFAC"",""UN"",""EU"",""Local List B""]}],""adjudicationNotes"":""All parties cleared through initial screening."",""adjudicatedByStaffId"":""reg_002""}",[],Approved,45667,The application has successfully met all stipulated regulatory criteria and demonstrated full operational preparedness.,LIC-2025-022
APP-2405-0023,prod_023,ent_022,Payment Institution License,New License,45430,45432,Direct Portal,Approved,45534,reg_005,,Beta Review Team,,"doc_002,doc_004,doc_006,doc_008,doc_010","[{""logId"":""clog_23_1"",""date"":""2024-06-20"",""type"":""Call"",""summary"":""Log 1: Discussed [Topic 1]. Status: Resolved."",""loggedByStaffId"":""reg_001""}]","{""overallScreeningStatus"":""Clear"",""lastScreeningDate"":""2024-05-25"",""screenedParties"":[{""partyId"":""person_dir_23"",""partyName"":""Director 23 Name"",""screeningResult"":""Clear"",""listsChecked"":[""OFAC"",""UN"",""EU"",""Local List A""]},{""partyId"":""person_ubo_23"",""partyName"":""UBO 23 Name"",""screeningResult"":""Clear"",""listsChecked"":[""OFAC"",""UN"",""EU"",""Local List B""]}],""adjudicationNotes"":""All parties cleared through initial screening."",""adjudicatedByStaffId"":""reg_005""}",[],Approved,45534,The application has successfully met all stipulated regulatory criteria and demonstrated full operational preparedness.,LIC-2024-023
APP-2401-0024,prod_024,ent_023,Investment Firm License,License Renewal,45294,45296,Sandbox,Approved,45397,reg_007,reg_004,Gamma Review Team,,"doc_011,doc_001,doc_002,doc_003,doc_004,doc_005,doc_006,doc_007,doc_008","[{""logId"":""clog_24_1"",""date"":""2024-02-05"",""type"":""Internal Note"",""summary"":""Log 1: Discussed [Topic 1]. Status: Resolved."",""loggedByStaffId"":""reg_003""},{""logId"":""clog_24_2"",""date"":""2024-03-10"",""type"":""Email"",""summary"":""Log 2: Discussed [Topic 2]. Status: Resolved."",""loggedByStaffId"":""reg_002""},{""logId"":""clog_24_3"",""date"":""2024-03-25"",""type"":""Call"",""summary"":""Log 3: Discussed [Topic 3]. Status: Resolved."",""loggedByStaffId"":""reg_007""}]","{""overallScreeningStatus"":""Clear"",""lastScreeningDate"":""2024-01-10"",""screenedParties"":[{""partyId"":""person_dir_24"",""partyName"":""Director 24 Name"",""screeningResult"":""Clear"",""listsChecked"":[""OFAC"",""UN"",""EU"",""Local List A""]},{""partyId"":""person_ubo_24"",""partyName"":""UBO 24 Name"",""screeningResult"":""Clear"",""listsChecked"":[""OFAC"",""UN"",""EU"",""Local List B""]}],""adjudicationNotes"":""All parties cleared through initial screening."",""adjudicatedByStaffId"":""reg_007""}",[],Approved,45397,The application has successfully met all stipulated regulatory criteria and demonstrated full operational preparedness.,LIC-2024-024
APP-2408-0025,prod_025,ent_024,Crypto Asset Service Provider License,New License,45524,45527,Direct Portal,Approved,45627,reg_003,,Alpha Review Team,,"doc_009,doc_011,doc_001,doc_002,doc_003,doc_004,doc_005,doc_006","[{""logId"":""clog_25_1"",""date"":""2024-09-23"",""type"":""Email"",""summary"":""Log 1: Discussed [Topic 1]. Status: Resolved."",""loggedByStaffId"":""reg_008""}]","{""overallScreeningStatus"":""Clear"",""lastScreeningDate"":""2024-08-28"",""screenedParties"":[{""partyId"":""person_dir_25"",""partyName"":""Director 25 Name"",""screeningResult"":""Clear"",""listsChecked"":[""OFAC"",""UN"",""EU"",""Local List A""]},{""partyId"":""person_ubo_25"",""partyName"":""UBO 25 Name"",""screeningResult"":""Clear"",""listsChecked"":[""OFAC"",""UN"",""EU"",""Local List B""]}],""adjudicationNotes"":""All parties cleared through initial screening."",""adjudicatedByStaffId"":""reg_003""}",[],Approved,45627,The application has successfully met all stipulated regulatory criteria and demonstrated full operational preparedness.,LIC-2024-025
APP-2406-0026,prod_026,ent_025,Payment Institution License,New License,45454,45456,Sandbox,Approved,45555,reg_006,,Beta Review Team,,"doc_007,doc_008,doc_009,doc_010,doc_011,doc_012,doc_001","[{""logId"":""clog_26_1"",""date"":""2024-07-13"",""type"":""Call"",""summary"":""Log 1: Discussed [Topic 1]. Status: Resolved."",""loggedByStaffId"":""reg_005""},{""logId"":""clog_26_2"",""date"":""2024-08-20"",""type"":""Internal Note"",""summary"":""Log 2: Discussed [Topic 2]. Status: Resolved."",""loggedByStaffId"":""reg_001""}]","{""overallScreeningStatus"":""Clear"",""lastScreeningDate"":""2024-06-18"",""screenedParties"":[{""partyId"":""person_dir_26"",""partyName"":""Director 26 Name"",""screeningResult"":""Clear"",""listsChecked"":[""OFAC"",""UN"",""EU"",""Local List A""]},{""partyId"":""person_ubo_26"",""partyName"":""UBO 26 Name"",""screeningResult"":""Clear"",""listsChecked"":[""OFAC"",""UN"",""EU"",""Local List B""]}],""adjudicationNotes"":""All parties cleared through initial screening."",""adjudicatedByStaffId"":""reg_006""}",[],Approved,45555,The application has successfully met all stipulated regulatory criteria and demonstrated full operational preparedness.,LIC-2024-026
APP-2503-0027,prod_027,ent_026,E-Money Institution License,New License,45717,45719,Sandbox,Initial Review,45731,reg_001,"reg_002,reg_003",Gamma Review Team,45806,"doc_001,doc_004,doc_007,doc_010","[{""logId"":""clog_27_1"",""date"":""2025-03-10"",""type"":""Email"",""summary"":""Log 1: Further information requested on [Topic Area 1]. Applicant acknowledged."",""loggedByStaffId"":""reg_001""}]","{""overallScreeningStatus"":""Clear"",""lastScreeningDate"":""2025-03-08"",""screenedParties"":[{""partyId"":""person_dir_27"",""partyName"":""Director 27 Name"",""screeningResult"":""Clear"",""listsChecked"":[""OFAC"",""UN"",""EU"",""Local List A"",""Interpol Watch""]},{""partyId"":""person_ubo_27"",""partyName"":""UBO 27 Name"",""screeningResult"":""Clear"",""listsChecked"":[""OFAC"",""UN"",""EU"",""Local List B""]}],""adjudicatedByStaffId"":""reg_001""}",[],,,,
APP-2411-0028,prod_028,ent_027,PISP/AISP License,New License,45601,45604,Direct Portal,Detailed Review,45698,reg_005,,Alpha Review Team,45773,"doc_002,doc_005,doc_008,doc_011,doc_003","[{""logId"":""clog_28_1"",""date"":""2024-12-01"",""type"":""Call"",""summary"":""Log 1: Further information requested on [Topic Area 1]. Applicant acknowledged."",""loggedByStaffId"":""reg_005""}]","{""overallScreeningStatus"":""Clear"",""lastScreeningDate"":""2024-11-13"",""screenedParties"":[{""partyId"":""person_dir_28"",""partyName"":""Director 28 Name"",""screeningResult"":""Clear"",""listsChecked"":[""OFAC"",""UN"",""EU"",""Local List A"",""Interpol Watch""]},{""partyId"":""person_ubo_28"",""partyName"":""UBO 28 Name"",""screeningResult"":""Clear"",""listsChecked"":[""OFAC"",""UN"",""EU"",""Local List B""]}],""adjudicatedByStaffId"":""reg_005""}",[],,,,
APP-2502-0029,prod_029,ent_028,Credit Institution License,New License,45698,45700,Sandbox,Awaiting Decision,45775,reg_008,reg_004,Beta Review Team,45850,"doc_006,doc_009,doc_012,doc_001,doc_004,doc_007","[{""logId"":""clog_29_1"",""date"":""2025-03-15"",""type"":""Internal Note"",""summary"":""Log 1: Further information requested on [Topic Area 1]. Applicant acknowledged."",""loggedByStaffId"":""reg_008""}]","{""overallScreeningStatus"":""Pending Review"",""lastScreeningDate"":""2025-02-17"",""screenedParties"":[{""partyId"":""person_dir_29"",""partyName"":""Director 29 Name"",""screeningResult"":""Clear"",""listsChecked"":[""OFAC"",""UN"",""EU"",""Local List A"",""Interpol Watch""]},{""partyId"":""person_ubo_29"",""partyName"":""UBO 29 Name"",""screeningResult"":""Clear"",""listsChecked"":[""OFAC"",""UN"",""EU"",""Local List B""]}],""adjudicationNotes"":""Automated screening pending completion or manual check.""}",[],,,,
APP-2504-0030,prod_030,ent_028,Crypto Asset Service Provider License,New License,45750,45752,Direct Portal,Submitted,45752,reg_002,,Gamma Review Team,,"doc_010,doc_001,doc_003,doc_005","[{""logId"":""clog_30_1"",""date"":""2025-04-05"",""type"":""Email"",""summary"":""Log 1: Further information requested on [Topic Area 1]. Applicant acknowledged."",""loggedByStaffId"":""reg_002""}]","{""overallScreeningStatus"":""Clear"",""lastScreeningDate"":""2025-04-10"",""screenedParties"":[{""partyId"":""person_dir_30"",""partyName"":""Director 30 Name"",""screeningResult"":""Clear"",""listsChecked"":[""OFAC"",""UN"",""EU"",""Local List A"",""Interpol Watch""]},{""partyId"":""person_ubo_30"",""partyName"":""UBO 30 Name"",""screeningResult"":""Clear"",""listsChecked"":[""OFAC"",""UN"",""EU"",""Local List B""]}],""adjudicatedByStaffId"":""reg_002""}",[],,,,
APP-2411-0031,prod_031,ent_029,Payment Institution License,License Renewal,45616,45618,Sandbox,Initial Review,45662,reg_004,"reg_006,reg_007",Alpha Review Team,45737,"doc_002,doc_004,doc_006,doc_008,doc_010,doc_012","[{""logId"":""clog_31_1"",""date"":""2024-12-15"",""type"":""Call"",""summary"":""Log 1: Further information requested on [Topic Area 1]. Applicant acknowledged."",""loggedByStaffId"":""reg_004""}]","{""overallScreeningStatus"":""Potential Match Found"",""lastScreeningDate"":""2024-11-27"",""screenedParties"":[{""partyId"":""person_dir_31"",""partyName"":""Director 31 Name"",""screeningResult"":""Potential Match Found"",""matchDetails"":""Possible link to individual on Watchlist C."",""listsChecked"":[""OFAC"",""UN"",""EU"",""Local List A"",""Interpol Watch""]},{""partyId"":""person_ubo_31"",""partyName"":""UBO 31 Name"",""screeningResult"":""Clear"",""listsChecked"":[""OFAC"",""UN"",""EU"",""Local List B""]}],""adjudicationNotes"":""MLRO notified. Awaiting further review and potential EDD.""}",[],,,,
APP-2501-0032,prod_032,ent_030,E-Money Institution License,New License,45665,45667,Direct Portal,Detailed Review,45736,reg_001,,Beta Review Team,45811,"doc_001,doc_003,doc_005,doc_007,doc_009,doc_011,doc_002","[{""logId"":""clog_32_1"",""date"":""2025-02-10"",""type"":""Internal Note"",""summary"":""Log 1: Further information requested on [Topic Area 1]. Applicant acknowledged."",""loggedByStaffId"":""reg_001""}]","{""overallScreeningStatus"":""Clear"",""lastScreeningDate"":""2025-01-15"",""screenedParties"":[{""partyId"":""person_dir_32"",""partyName"":""Director 32 Name"",""screeningResult"":""Clear"",""listsChecked"":[""OFAC"",""UN"",""EU"",""Local List A"",""Interpol Watch""]},{""partyId"":""person_ubo_32"",""partyName"":""UBO 32 Name"",""screeningResult"":""Clear"",""listsChecked"":[""OFAC"",""UN"",""EU"",""Local List B""]}],""adjudicatedByStaffId"":""reg_001""}",[],,,,
APP-2504-0033,prod_033,ent_031,Credit Institution License,New License,45759,45762,Sandbox,Awaiting Decision,45790,reg_005,,Gamma Review Team,45865,"doc_004,doc_006,doc_008,doc_010,doc_012,doc_001,doc_003","[{""logId"":""clog_33_1"",""date"":""2025-05-01"",""type"":""Email"",""summary"":""Log 1: Further information requested on [Topic Area 1]. Applicant acknowledged."",""loggedByStaffId"":""reg_005""}]","{""overallScreeningStatus"":""Clear"",""lastScreeningDate"":""2025-04-20"",""screenedParties"":[{""partyId"":""person_dir_33"",""partyName"":""Director 33 Name"",""screeningResult"":""Clear"",""listsChecked"":[""OFAC"",""UN"",""EU"",""Local List A"",""Interpol Watch""]},{""partyId"":""person_ubo_33"",""partyName"":""UBO 33 Name"",""screeningResult"":""Clear"",""listsChecked"":[""OFAC"",""UN"",""EU"",""Local List B""]}],""adjudicatedByStaffId"":""reg_005""}",[],,,,
APP-2412-0034,prod_034,ent_032,Investment Firm License,License Renewal,45631,45633,Direct Portal,Submitted,45633,reg_008,,Alpha Review Team,,"doc_005,doc_007,doc_009,doc_011,doc_002,doc_004,doc_006,doc_008","[{""logId"":""clog_34_1"",""date"":""2024-12-07"",""type"":""Call"",""summary"":""Log 1: Further information requested on [Topic Area 1]. Applicant acknowledged."",""loggedByStaffId"":""reg_008""}]","{""overallScreeningStatus"":""Pending Review"",""lastScreeningDate"":""2024-12-12"",""screenedParties"":[{""partyId"":""person_dir_34"",""partyName"":""Director 34 Name"",""screeningResult"":""Clear"",""listsChecked"":[""OFAC"",""UN"",""EU"",""Local List A"",""Interpol Watch""]},{""partyId"":""person_ubo_34"",""partyName"":""UBO 34 Name"",""screeningResult"":""Clear"",""listsChecked"":[""OFAC"",""UN"",""EU"",""Local List B""]}],""adjudicationNotes"":""Automated screening pending completion or manual check.""}",[],,,,
APP-2503-0035,prod_035,ent_033,Payment Institution License,New License,45738,45741,Sandbox,Initial Review,45757,reg_002,reg_001,Beta Review Team,45832,"doc_010,doc_012,doc_001,doc_003,doc_005,doc_007,doc_009","[{""logId"":""clog_35_1"",""date"":""2025-04-05"",""type"":""Internal Note"",""summary"":""Log 1: Further information requested on [Topic Area 1]. Applicant acknowledged."",""loggedByStaffId"":""reg_002""}]","{""overallScreeningStatus"":""Clear"",""lastScreeningDate"":""2025-03-30"",""screenedParties"":[{""partyId"":""person_dir_35"",""partyName"":""Director 35 Name"",""screeningResult"":""Clear"",""listsChecked"":[""OFAC"",""UN"",""EU"",""Local List A"",""Interpol Watch""]},{""partyId"":""person_ubo_35"",""partyName"":""UBO 35 Name"",""screeningResult"":""Clear"",""listsChecked"":[""OFAC"",""UN"",""EU"",""Local List B""]}],""adjudicatedByStaffId"":""reg_002""}",[],,,,
APP-2412-0036,prod_036,ent_034,Payment Institution License,New License,45654,45656,Direct Portal,Detailed Review,45721,reg_004,,Gamma Review Team,45796,"doc_011,doc_002,doc_004,doc_006,doc_008,doc_010","[{""logId"":""clog_36_1"",""date"":""2025-01-20"",""type"":""Email"",""summary"":""Log 1: Further information requested on [Topic Area 1]. Applicant acknowledged."",""loggedByStaffId"":""reg_004""}]","{""overallScreeningStatus"":""Potential Match Found"",""lastScreeningDate"":""2025-01-04"",""screenedParties"":[{""partyId"":""person_dir_36"",""partyName"":""Director 36 Name"",""screeningResult"":""Potential Match Found"",""matchDetails"":""Possible link to individual on Watchlist C."",""listsChecked"":[""OFAC"",""UN"",""EU"",""Local List A"",""Interpol Watch""]},{""partyId"":""person_ubo_36"",""partyName"":""UBO 36 Name"",""screeningResult"":""Clear"",""listsChecked"":[""OFAC"",""UN"",""EU"",""Local List B""]}],""adjudicationNotes"":""MLRO notified. Awaiting further review and potential EDD.""}",[],,,,
APP-2502-0037,prod_037,ent_034,Crypto Asset Service Provider License,License Renewal,45691,45693,Sandbox,Awaiting Decision,45765,reg_007,,Alpha Review Team,45840,"doc_001,doc_003,doc_005,doc_007,doc_009,doc_011,doc_002","[{""logId"":""clog_37_1"",""date"":""2025-03-01"",""type"":""Call"",""summary"":""Log 1: Further information requested on [Topic Area 1]. Applicant acknowledged."",""loggedByStaffId"":""reg_007""}]","{""overallScreeningStatus"":""Clear"",""lastScreeningDate"":""2025-02-10"",""screenedParties"":[{""partyId"":""person_dir_37"",""partyName"":""Director 37 Name"",""screeningResult"":""Clear"",""listsChecked"":[""OFAC"",""UN"",""EU"",""Local List A"",""Interpol Watch""]},{""partyId"":""person_ubo_37"",""partyName"":""UBO 37 Name"",""screeningResult"":""Clear"",""listsChecked"":[""OFAC"",""UN"",""EU"",""Local List B""]}],""adjudicatedByStaffId"":""reg_007""}",[],,,,
APP-2411-0038,prod_038,ent_035,PISP/AISP License,New License,45607,45609,Direct Portal,Submitted,45609,reg_001,reg_005,Beta Review Team,,"doc_004,doc_006,doc_008,doc_010,doc_012,doc_001,doc_003,doc_005","[{""logId"":""clog_38_1"",""date"":""2024-11-13"",""type"":""Internal Note"",""summary"":""Log 1: Further information requested on [Topic Area 1]. Applicant acknowledged."",""loggedByStaffId"":""reg_001""}]","{""overallScreeningStatus"":""Clear"",""lastScreeningDate"":""2024-11-18"",""screenedParties"":[{""partyId"":""person_dir_38"",""partyName"":""Director 38 Name"",""screeningResult"":""Clear"",""listsChecked"":[""OFAC"",""UN"",""EU"",""Local List A"",""Interpol Watch""]},{""partyId"":""person_ubo_38"",""partyName"":""UBO 38 Name"",""screeningResult"":""Clear"",""listsChecked"":[""OFAC"",""UN"",""EU"",""Local List B""]}],""adjudicatedByStaffId"":""reg_001""}",[],,,,
APP-2501-0039,prod_039,ent_036,E-Money Institution License,New License,45682,45685,Sandbox,Initial Review,45703,reg_003,,Gamma Review Team,45778,"doc_007,doc_009,doc_011,doc_002,doc_004,doc_006,doc_008,doc_010","[{""logId"":""clog_39_1"",""date"":""2025-02-10"",""type"":""Email"",""summary"":""Log 1: Further information requested on [Topic Area 1]. Applicant acknowledged."",""loggedByStaffId"":""reg_003""}]","{""overallScreeningStatus"":""Pending Review"",""lastScreeningDate"":""2025-02-02"",""screenedParties"":[{""partyId"":""person_dir_39"",""partyName"":""Director 39 Name"",""screeningResult"":""Clear"",""listsChecked"":[""OFAC"",""UN"",""EU"",""Local List A"",""Interpol Watch""]},{""partyId"":""person_ubo_39"",""partyName"":""UBO 39 Name"",""screeningResult"":""Clear"",""listsChecked"":[""OFAC"",""UN"",""EU"",""Local List B""]}],""adjudicationNotes"":""Automated screening pending completion or manual check.""}",[],,,,
APP-2503-0040,prod_040,ent_037,Payment Institution License,License Renewal,45726,45728,Direct Portal,Detailed Review,45772,reg_006,reg_008,Alpha Review Team,45847,"doc_012,doc_001,doc_003,doc_005,doc_007,doc_009,doc_011,doc_002,doc_004","[{""logId"":""clog_40_1"",""date"":""2025-04-05"",""type"":""Call"",""summary"":""Log 1: Further information requested on [Topic Area 1]. Applicant acknowledged."",""loggedByStaffId"":""reg_006""}]","{""overallScreeningStatus"":""Clear"",""lastScreeningDate"":""2025-03-17"",""screenedParties"":[{""partyId"":""person_dir_40"",""partyName"":""Director 40 Name"",""screeningResult"":""Clear"",""listsChecked"":[""OFAC"",""UN"",""EU"",""Local List A"",""Interpol Watch""]},{""partyId"":""person_ubo_40"",""partyName"":""UBO 40 Name"",""screeningResult"":""Clear"",""listsChecked"":[""OFAC"",""UN"",""EU"",""Local List B""]}],""adjudicatedByStaffId"":""reg_006""}",[],,,,
APP-2412-0041,prod_041,ent_038,PISP/AISP License,New License,45641,45644,Sandbox,Awaiting Decision,45717,reg_008,,Beta Review Team,45792,"doc_006,doc_008,doc_010,doc_012,doc_001,doc_003,doc_005,doc_007,doc_009","[{""logId"":""clog_41_1"",""date"":""2025-01-15"",""type"":""Internal Note"",""summary"":""Log 1: Further information requested on [Topic Area 1]. Applicant acknowledged."",""loggedByStaffId"":""reg_008""}]","{""overallScreeningStatus"":""Clear"",""lastScreeningDate"":""2024-12-23"",""screenedParties"":[{""partyId"":""person_dir_41"",""partyName"":""Director 41 Name"",""screeningResult"":""Clear"",""listsChecked"":[""OFAC"",""UN"",""EU"",""Local List A"",""Interpol Watch""]},{""partyId"":""person_ubo_41"",""partyName"":""UBO 41 Name"",""screeningResult"":""Clear"",""listsChecked"":[""OFAC"",""UN"",""EU"",""Local List B""]}],""adjudicatedByStaffId"":""reg_008""}",[],,,,
APP-2502-0042,prod_042,ent_039,Crypto Asset Service Provider License,New License,45708,45710,Direct Portal,Submitted,45710,reg_004,"reg_002,reg_005",Gamma Review Team,,"doc_011,doc_002,doc_004,doc_006,doc_008,doc_010,doc_012,doc_001,doc_003","[{""logId"":""clog_42_1"",""date"":""2025-02-22"",""type"":""Email"",""summary"":""Log 1: Further information requested on [Topic Area 1]. Applicant acknowledged."",""loggedByStaffId"":""reg_004""}]","{""overallScreeningStatus"":""Potential Match Found"",""lastScreeningDate"":""2025-02-27"",""screenedParties"":[{""partyId"":""person_dir_42"",""partyName"":""Director 42 Name"",""screeningResult"":""Potential Match Found"",""matchDetails"":""Possible link to individual on Watchlist C."",""listsChecked"":[""OFAC"",""UN"",""EU"",""Local List A"",""Interpol Watch""]},{""partyId"":""person_ubo_42"",""partyName"":""UBO 42 Name"",""screeningResult"":""Clear"",""listsChecked"":[""OFAC"",""UN"",""EU"",""Local List B""]}],""adjudicationNotes"":""MLRO notified. Awaiting further review and potential EDD.""}",[],,,,
APP-2411-0043,prod_043,ent_040,E-Money Institution License,License Renewal,45597,45599,Sandbox,Initial Review,45627,reg_007,,Alpha Review Team,45702,"doc_005,doc_007,doc_009,doc_011,doc_002,doc_004,doc_006,doc_008,doc_010","[{""logId"":""clog_43_1"",""date"":""2024-11-25"",""type"":""Call"",""summary"":""Log 1: Further information requested on [Topic Area 1]. Applicant acknowledged."",""loggedByStaffId"":""reg_007""}]","{""overallScreeningStatus"":""Clear"",""lastScreeningDate"":""2024-11-08"",""screenedParties"":[{""partyId"":""person_dir_43"",""partyName"":""Director 43 Name"",""screeningResult"":""Clear"",""listsChecked"":[""OFAC"",""UN"",""EU"",""Local List A"",""Interpol Watch""]},{""partyId"":""person_ubo_43"",""partyName"":""UBO 43 Name"",""screeningResult"":""Clear"",""listsChecked"":[""OFAC"",""UN"",""EU"",""Local List B""]}],""adjudicatedByStaffId"":""reg_007""}",[],,,,
APP-2501-0044,prod_044,ent_041,Investment Firm License,New License,45672,45675,Direct Portal,Detailed Review,45748,reg_001,,Beta Review Team,45823,"doc_012,doc_001,doc_003,doc_005,doc_007,doc_009,doc_011,doc_002,doc_004,doc_006","[{""logId"":""clog_44_1"",""date"":""2025-02-18"",""type"":""Internal Note"",""summary"":""Log 1: Further information requested on [Topic Area 1]. Applicant acknowledged."",""loggedByStaffId"":""reg_001""}]","{""overallScreeningStatus"":""Clear"",""lastScreeningDate"":""2025-01-23"",""screenedParties"":[{""partyId"":""person_dir_44"",""partyName"":""Director 44 Name"",""screeningResult"":""Clear"",""listsChecked"":[""OFAC"",""UN"",""EU"",""Local List A"",""Interpol Watch""]},{""partyId"":""person_ubo_44"",""partyName"":""UBO 44 Name"",""screeningResult"":""Clear"",""listsChecked"":[""OFAC"",""UN"",""EU"",""Local List B""]}],""adjudicatedByStaffId"":""reg_001""}",[],,,,
APP-2504-0045,prod_045,ent_042,PISP/AISP License,New License,45767,45769,Sandbox,Awaiting Decision,45787,reg_003,"reg_001,reg_006",Gamma Review Team,45862,"doc_008,doc_010,doc_012,doc_001,doc_003,doc_005,doc_007,doc_009,doc_011","[{""logId"":""clog_45_1"",""date"":""2025-05-05"",""type"":""Email"",""summary"":""Log 1: Further information requested on [Topic Area 1]. Applicant acknowledged."",""loggedByStaffId"":""reg_003""}]","{""overallScreeningStatus"":""Pending Review"",""lastScreeningDate"":""2025-04-27"",""screenedParties"":[{""partyId"":""person_dir_45"",""partyName"":""Director 45 Name"",""screeningResult"":""Clear"",""listsChecked"":[""OFAC"",""UN"",""EU"",""Local List A"",""Interpol Watch""]},{""partyId"":""person_ubo_45"",""partyName"":""UBO 45 Name"",""screeningResult"":""Clear"",""listsChecked"":[""OFAC"",""UN"",""EU"",""Local List B""]}],""adjudicationNotes"":""Automated screening pending completion or manual check.""}",[],,,,
APP-2411-0046,prod_046,ent_042,Credit Institution License,License Renewal,45621,45624,Direct Portal,Submitted,45624,reg_006,,Alpha Review Team,,"doc_002,doc_004,doc_006,doc_008,doc_010,doc_012,doc_001,doc_003,doc_005,doc_007","[{""logId"":""clog_46_1"",""date"":""2024-11-28"",""type"":""Call"",""summary"":""Log 1: Further information requested on [Topic Area 1]. Applicant acknowledged."",""loggedByStaffId"":""reg_006""}]","{""overallScreeningStatus"":""Clear"",""lastScreeningDate"":""2024-12-03"",""screenedParties"":[{""partyId"":""person_dir_46"",""partyName"":""Director 46 Name"",""screeningResult"":""Clear"",""listsChecked"":[""OFAC"",""UN"",""EU"",""Local List A"",""Interpol Watch""]},{""partyId"":""person_ubo_46"",""partyName"":""UBO 46 Name"",""screeningResult"":""Clear"",""listsChecked"":[""OFAC"",""UN"",""EU"",""Local List B""]}],""adjudicatedByStaffId"":""reg_006""}",[],,,,
APP-2502-0047,prod_047,ent_043,Payment Institution License,New License,45696,45698,Sandbox,Initial Review,45716,reg_008,reg_003,Beta Review Team,45791,"doc_009,doc_011,doc_001,doc_002,doc_003,doc_004,doc_005,doc_006,doc_007,doc_008","[{""logId"":""clog_47_1"",""date"":""2025-02-20"",""type"":""Internal Note"",""summary"":""Log 1: Further information requested on [Topic Area 1]. Applicant acknowledged."",""loggedByStaffId"":""reg_008""}]","{""overallScreeningStatus"":""Potential Match Found"",""lastScreeningDate"":""2025-02-15"",""screenedParties"":[{""partyId"":""person_dir_47"",""partyName"":""Director 47 Name"",""screeningResult"":""Potential Match Found"",""matchDetails"":""Possible link to individual on Watchlist C."",""listsChecked"":[""OFAC"",""UN"",""EU"",""Local List A"",""Interpol Watch""]},{""partyId"":""person_ubo_47"",""partyName"":""UBO 47 Name"",""screeningResult"":""Clear"",""listsChecked"":[""OFAC"",""UN"",""EU"",""Local List B""]}],""adjudicationNotes"":""MLRO notified. Awaiting further review and potential EDD.""}",[],,,,
APP-2503-0048,prod_048,ent_044,Crypto Asset Service Provider License,New License,45734,45736,Direct Portal,Detailed Review,45778,reg_002,,Gamma Review Team,45853,"doc_010,doc_012,doc_001,doc_003,doc_005,doc_007,doc_009,doc_011,doc_002","[{""logId"":""clog_48_1"",""date"":""2025-04-10"",""type"":""Email"",""summary"":""Log 1: Further information requested on [Topic Area 1]. Applicant acknowledged."",""loggedByStaffId"":""reg_002""}]","{""overallScreeningStatus"":""Clear"",""lastScreeningDate"":""2025-03-25"",""screenedParties"":[{""partyId"":""person_dir_48"",""partyName"":""Director 48 Name"",""screeningResult"":""Clear"",""listsChecked"":[""OFAC"",""UN"",""EU"",""Local List A"",""Interpol Watch""]},{""partyId"":""person_ubo_48"",""partyName"":""UBO 48 Name"",""screeningResult"":""Clear"",""listsChecked"":[""OFAC"",""UN"",""EU"",""Local List B""]}],""adjudicatedByStaffId"":""reg_002""}",[],,,,
APP-2412-0049,prod_049,ent_045,Investment Firm License,License Renewal,45627,45629,Sandbox,Awaiting Decision,45698,reg_005,"reg_001,reg_004",Alpha Review Team,45773,"doc_004,doc_006,doc_008,doc_010,doc_012,doc_001,doc_003,doc_005,doc_007,doc_009","[{""logId"":""clog_49_1"",""date"":""2024-12-20"",""type"":""Call"",""summary"":""Log 1: Further information requested on [Topic Area 1]. Applicant acknowledged."",""loggedByStaffId"":""reg_005""}]","{""overallScreeningStatus"":""Clear"",""lastScreeningDate"":""2024-12-08"",""screenedParties"":[{""partyId"":""person_dir_49"",""partyName"":""Director 49 Name"",""screeningResult"":""Clear"",""listsChecked"":[""OFAC"",""UN"",""EU"",""Local List A"",""Interpol Watch""]},{""partyId"":""person_ubo_49"",""partyName"":""UBO 49 Name"",""screeningResult"":""Clear"",""listsChecked"":[""OFAC"",""UN"",""EU"",""Local List B""]}],""adjudicatedByStaffId"":""reg_005""}",[],,,,
APP-2504-0050,prod_050,ent_046,E-Money Institution License,New License,45772,45775,Direct Portal,Submitted,45775,reg_007,,Beta Review Team,,"doc_011,doc_002,doc_004,doc_006,doc_008,doc_010,doc_012,doc_001,doc_003,doc_005","[{""logId"":""clog_50_1"",""date"":""2025-04-28"",""type"":""Internal Note"",""summary"":""Log 1: Further information requested on [Topic Area 1]. Applicant acknowledged."",""loggedByStaffId"":""reg_007""}]","{""overallScreeningStatus"":""Clear"",""lastScreeningDate"":""2025-05-03"",""screenedParties"":[{""partyId"":""person_dir_50"",""partyName"":""Director 50 Name"",""screeningResult"":""Clear"",""listsChecked"":[""OFAC"",""UN"",""EU"",""Local List A"",""Interpol Watch""]},{""partyId"":""person_ubo_50"",""partyName"":""UBO 50 Name"",""screeningResult"":""Clear"",""listsChecked"":[""OFAC"",""UN"",""EU"",""Local List B""]}],""adjudicatedByStaffId"":""reg_007""}",[],,,,
APP-2411-0051,prod_051,ent_047,Payment Institution License,New License,45611,45614,Sandbox,Initial Review,45658,reg_001,reg_002,Gamma Review Team,45733,"doc_007,doc_009,doc_011,doc_002,doc_004,doc_006,doc_008,doc_010,doc_012,doc_001","[{""logId"":""clog_51_1"",""date"":""2024-12-10"",""type"":""Email"",""summary"":""Log 1: Further information requested on [Topic Area 1]. Applicant acknowledged."",""loggedByStaffId"":""reg_001""}]","{""overallScreeningStatus"":""Pending Review"",""lastScreeningDate"":""2024-11-23"",""screenedParties"":[{""partyId"":""person_dir_51"",""partyName"":""Director 51 Name"",""screeningResult"":""Clear"",""listsChecked"":[""OFAC"",""UN"",""EU"",""Local List A"",""Interpol Watch""]},{""partyId"":""person_ubo_51"",""partyName"":""UBO 51 Name"",""screeningResult"":""Clear"",""listsChecked"":[""OFAC"",""UN"",""EU"",""Local List B""]}],""adjudicationNotes"":""Automated screening pending completion or manual check.""}",[],,,,
APP-2502-0052,prod_052,ent_048,Credit Institution License,License Renewal,45713,45716,Direct Portal,Detailed Review,45757,reg_003,,Alpha Review Team,45832,"doc_003,doc_005,doc_007,doc_009,doc_011,doc_002,doc_004,doc_006,doc_008,doc_010,doc_012","[{""logId"":""clog_52_1"",""date"":""2025-03-20"",""type"":""Call"",""summary"":""Log 1: Further information requested on [Topic Area 1]. Applicant acknowledged."",""loggedByStaffId"":""reg_003""}]","{""overallScreeningStatus"":""Clear"",""lastScreeningDate"":""2025-03-05"",""screenedParties"":[{""partyId"":""person_dir_52"",""partyName"":""Director 52 Name"",""screeningResult"":""Clear"",""listsChecked"":[""OFAC"",""UN"",""EU"",""Local List A"",""Interpol Watch""]},{""partyId"":""person_ubo_52"",""partyName"":""UBO 52 Name"",""screeningResult"":""Clear"",""listsChecked"":[""OFAC"",""UN"",""EU"",""Local List B""]}],""adjudicatedByStaffId"":""reg_003""}",[],,,,
APP-2403-0053,prod_053,ent_049,PISP/AISP License,New License,45352,45354,Direct Portal,Denied,45455,reg_005,,Alpha Review Team,,"doc_003,doc_005","[{""logId"":""clog_53_1"",""date"":""2024-04-01"",""type"":""Email"",""summary"":""Log 1: Final request for [Missing Document 1] not fulfilled. Concerns raised about [Concern Area 1]."",""loggedByStaffId"":""reg_001""},{""logId"":""clog_53_2"",""date"":""2024-05-10"",""type"":""Call"",""summary"":""Log 2: Final request for [Missing Document 2] not fulfilled. Concerns raised about [Concern Area 2]."",""loggedByStaffId"":""reg_004""}]","{""overallScreeningStatus"":""Potential Match Found"",""lastScreeningDate"":""2024-03-08"",""screenedParties"":[{""partyId"":""person_dir_53"",""partyName"":""Director 53 Name"",""screeningResult"":""Clear"",""listsChecked"":[""OFAC"",""UN"",""EU""]},{""partyId"":""person_ubo_53"",""partyName"":""UBO 53 Name"",""screeningResult"":""Potential Match Found"",""matchDetails"":""Direct match on Sanction List Z for UBO."",""listsChecked"":[""OFAC"",""UN"",""EU"",""National Sanctions List"",""Global PEP""]}],""adjudicationNotes"":""Adverse finding confirmed for UBO. Denial recommended and processed based on this and other factors."",""adjudicatedByStaffId"":""reg_002""}",[],Denied,45455,Submitted documentation was found to be insufficient and incomplete despite follow-up requests.,
APP-2408-0054,prod_054,ent_050,Crypto Asset Service Provider License,New License,45519,45522,Sandbox,Denied,45624,reg_008,,Beta Review Team,,"doc_006,doc_008,doc_010","[{""logId"":""clog_54_1"",""date"":""2024-09-18"",""type"":""Internal Note"",""summary"":""Log 1: Final request for [Missing Document 1] not fulfilled. Concerns raised about [Concern Area 1]."",""loggedByStaffId"":""reg_007""},{""logId"":""clog_54_2"",""date"":""2024-10-25"",""type"":""Call"",""summary"":""Log 2: Final request for [Missing Document 2] not fulfilled. Concerns raised about [Concern Area 2]."",""loggedByStaffId"":""reg_003""}]","{""overallScreeningStatus"":""Clear"",""lastScreeningDate"":""2024-08-23"",""screenedParties"":[{""partyId"":""person_dir_54"",""partyName"":""Director 54 Name"",""screeningResult"":""Clear"",""listsChecked"":[""OFAC"",""UN"",""EU""]},{""partyId"":""person_ubo_54"",""partyName"":""UBO 54 Name"",""screeningResult"":""Clear"",""listsChecked"":[""OFAC"",""UN"",""EU"",""National Sanctions List"",""Global PEP""]}],""adjudicationNotes"":""Screening clear. Denial based on other application deficiencies."",""adjudicatedByStaffId"":""reg_006""}",[],Denied,45624,The applicant failed to adequately demonstrate compliance with minimum capital adequacy requirements.,
APP-2406-0055,prod_055,ent_001,Investment Firm License,New License,45444,45446,Direct Portal,Denied,45545,reg_001,,Gamma Review Team,,"doc_001,doc_002,doc_004","[{""logId"":""clog_55_1"",""date"":""2024-07-01"",""type"":""Email"",""summary"":""Log 1: Final request for [Missing Document 1] not fulfilled. Concerns raised about [Concern Area 1]."",""loggedByStaffId"":""reg_005""},{""logId"":""clog_55_2"",""date"":""2024-08-05"",""type"":""Call"",""summary"":""Log 2: Final request for [Missing Document 2] not fulfilled. Concerns raised about [Concern Area 2]."",""loggedByStaffId"":""reg_008""}]","{""overallScreeningStatus"":""Clear"",""lastScreeningDate"":""2024-06-08"",""screenedParties"":[{""partyId"":""person_dir_55"",""partyName"":""Director 55 Name"",""screeningResult"":""Clear"",""listsChecked"":[""OFAC"",""UN"",""EU""]},{""partyId"":""person_ubo_55"",""partyName"":""UBO 55 Name"",""screeningResult"":""Clear"",""listsChecked"":[""OFAC"",""UN"",""EU"",""National Sanctions List"",""Global PEP""]}],""adjudicationNotes"":""Screening clear. Denial based on other application deficiencies."",""adjudicatedByStaffId"":""reg_001""}",[],Denied,45545,Significant concerns were identified regarding the viability of the proposed business model and associated risk management framework.,
APP-2402-0056,prod_056,ent_010,Credit Institution License,New License,45332,45334,Sandbox,Denied,45437,reg_002,,Alpha Review Team,,"doc_007,doc_009,doc_011,doc_003","[{""logId"":""clog_56_1"",""date"":""2024-03-12"",""type"":""Internal Note"",""summary"":""Log 1: Final request for [Missing Document 1] not fulfilled. Concerns raised about [Concern Area 1]."",""loggedByStaffId"":""reg_004""},{""logId"":""clog_56_2"",""date"":""2024-04-15"",""type"":""Call"",""summary"":""Log 2: Final request for [Missing Document 2] not fulfilled. Concerns raised about [Concern Area 2]."",""loggedByStaffId"":""reg_007""}]","{""overallScreeningStatus"":""Potential Match Found"",""lastScreeningDate"":""2024-02-17"",""screenedParties"":[{""partyId"":""person_dir_56"",""partyName"":""Director 56 Name"",""screeningResult"":""Clear"",""listsChecked"":[""OFAC"",""UN"",""EU""]},{""partyId"":""person_ubo_56"",""partyName"":""UBO 56 Name"",""screeningResult"":""Potential Match Found"",""matchDetails"":""Direct match on Sanction List Z for UBO."",""listsChecked"":[""OFAC"",""UN"",""EU"",""National Sanctions List"",""Global PEP""]}],""adjudicationNotes"":""Adverse finding confirmed for UBO. Denial recommended and processed based on this and other factors."",""adjudicatedByStaffId"":""reg_003""}",[],Denied,45437,The AML/CFT controls and procedures outlined by the applicant were deemed unsatisfactory and not robust enough.,
APP-2407-0057,prod_057,ent_020,Payment Institution License,New License,45491,45493,Direct Portal,Denied,45593,reg_007,,Beta Review Team,,"doc_005,doc_006,doc_008","[{""logId"":""clog_57_1"",""date"":""2024-08-20"",""type"":""Email"",""summary"":""Log 1: Final request for [Missing Document 1] not fulfilled. Concerns raised about [Concern Area 1]."",""loggedByStaffId"":""reg_002""},{""logId"":""clog_57_2"",""date"":""2024-09-22"",""type"":""Call"",""summary"":""Log 2: Final request for [Missing Document 2] not fulfilled. Concerns raised about [Concern Area 2]."",""loggedByStaffId"":""reg_005""}]","{""overallScreeningStatus"":""Clear"",""lastScreeningDate"":""2024-07-25"",""screenedParties"":[{""partyId"":""person_dir_57"",""partyName"":""Director 57 Name"",""screeningResult"":""Clear"",""listsChecked"":[""OFAC"",""UN"",""EU""]},{""partyId"":""person_ubo_57"",""partyName"":""UBO 57 Name"",""screeningResult"":""Clear"",""listsChecked"":[""OFAC"",""UN"",""EU"",""National Sanctions List"",""Global PEP""]}],""adjudicationNotes"":""Screening clear. Denial based on other application deficiencies."",""adjudicatedByStaffId"":""reg_008""}",[],Denied,45593,A key individual named in the application did not pass the fit and proper assessment due to adverse findings in sanction screening.,
APP-2404-0058,prod_058,ent_030,Payment Institution License,New License,45407,45410,Sandbox,Denied,45509,reg_004,,Gamma Review Team,,"doc_010,doc_012,doc_002,doc_004","[{""logId"":""clog_58_1"",""date"":""2024-05-28"",""type"":""Call"",""summary"":""Log 1: Final request for [Missing Document 1] not fulfilled. Concerns raised about [Concern Area 1]."",""loggedByStaffId"":""reg_006""},{""logId"":""clog_58_2"",""date"":""2024-07-01"",""type"":""Internal Note"",""summary"":""Log 2: Final request for [Missing Document 2] not fulfilled. Concerns raised about [Concern Area 2]."",""loggedByStaffId"":""reg_001""}]","{""overallScreeningStatus"":""Clear"",""lastScreeningDate"":""2024-05-03"",""screenedParties"":[{""partyId"":""person_dir_58"",""partyName"":""Director 58 Name"",""screeningResult"":""Clear"",""listsChecked"":[""OFAC"",""UN"",""EU""]},{""partyId"":""person_ubo_58"",""partyName"":""UBO 58 Name"",""screeningResult"":""Clear"",""listsChecked"":[""OFAC"",""UN"",""EU"",""National Sanctions List"",""Global PEP""]}],""adjudicationNotes"":""Screening clear. Denial based on other application deficiencies."",""adjudicatedByStaffId"":""reg_007""}",[],Denied,45509,The business plan submitted lacked essential details and contained unrealistic financial projections.,
APP-2409-0059,prod_059,ent_040,Crypto Asset Service Provider License,New License,45545,45547,Direct Portal,Denied,45646,reg_006,,Alpha Review Team,,"doc_001,doc_003,doc_005,doc_006","[{""logId"":""clog_59_1"",""date"":""2024-10-12"",""type"":""Email"",""summary"":""Log 1: Final request for [Missing Document 1] not fulfilled. Concerns raised about [Concern Area 1]."",""loggedByStaffId"":""reg_003""},{""logId"":""clog_59_2"",""date"":""2024-11-15"",""type"":""Call"",""summary"":""Log 2: Final request for [Missing Document 2] not fulfilled. Concerns raised about [Concern Area 2]."",""loggedByStaffId"":""reg_004""}]","{""overallScreeningStatus"":""Potential Match Found"",""lastScreeningDate"":""2024-09-17"",""screenedParties"":[{""partyId"":""person_dir_59"",""partyName"":""Director 59 Name"",""screeningResult"":""Clear"",""listsChecked"":[""OFAC"",""UN"",""EU""]},{""partyId"":""person_ubo_59"",""partyName"":""UBO 59 Name"",""screeningResult"":""Potential Match Found"",""matchDetails"":""Direct match on Sanction List Z for UBO."",""listsChecked"":[""OFAC"",""UN"",""EU"",""National Sanctions List"",""Global PEP""]}],""adjudicationNotes"":""Adverse finding confirmed for UBO. Denial recommended and processed based on this and other factors."",""adjudicatedByStaffId"":""reg_005""}",[],Denied,45646,The proposed technological infrastructure was assessed as inadequate to support the scale and nature of the intended services.,
APP-2401-0060,prod_060,ent_050,Investment Firm License,New License,45296,45299,Sandbox,Denied,45400,reg_008,,Beta Review Team,,"doc_007,doc_008,doc_009,doc_010,doc_012","[{""logId"":""clog_60_1"",""date"":""2024-02-08"",""type"":""Internal Note"",""summary"":""Log 1: Final request for [Missing Document 1] not fulfilled. Concerns raised about [Concern Area 1]."",""loggedByStaffId"":""reg_002""},{""logId"":""clog_60_2"",""date"":""2024-03-15"",""type"":""Call"",""summary"":""Log 2: Final request for [Missing Document 2] not fulfilled. Concerns raised about [Concern Area 2]."",""loggedByStaffId"":""reg_001""}]","{""overallScreeningStatus"":""Clear"",""lastScreeningDate"":""2024-01-13"",""screenedParties"":[{""partyId"":""person_dir_60"",""partyName"":""Director 60 Name"",""screeningResult"":""Clear"",""listsChecked"":[""OFAC"",""UN"",""EU""]},{""partyId"":""person_ubo_60"",""partyName"":""UBO 60 Name"",""screeningResult"":""Clear"",""listsChecked"":[""OFAC"",""UN"",""EU"",""National Sanctions List"",""Global PEP""]}],""adjudicationNotes"":""Screening clear. Denial based on other application deficiencies."",""adjudicatedByStaffId"":""reg_006""}",[],Denied,45400,"The applicant did not demonstrate a sufficient understanding of, or commitment to, ongoing regulatory obligations.",
APP-2407-0061,prod_061,ent_002,E-Money Institution License,New License,45498,45501,Direct Portal,Denied,45601,reg_003,,Gamma Review Team,,"doc_001,doc_004,doc_006,doc_007","[{""logId"":""clog_61_1"",""date"":""2024-08-28"",""type"":""Email"",""summary"":""Log 1: Final request for [Missing Document 1] not fulfilled. Concerns raised about [Concern Area 1]."",""loggedByStaffId"":""reg_007""},{""logId"":""clog_61_2"",""date"":""2024-09-30"",""type"":""Call"",""summary"":""Log 2: Final request for [Missing Document 2] not fulfilled. Concerns raised about [Concern Area 2]."",""loggedByStaffId"":""reg_008""}]","{""overallScreeningStatus"":""Clear"",""lastScreeningDate"":""2024-08-02"",""screenedParties"":[{""partyId"":""person_dir_61"",""partyName"":""Director 61 Name"",""screeningResult"":""Clear"",""listsChecked"":[""OFAC"",""UN"",""EU""]},{""partyId"":""person_ubo_61"",""partyName"":""UBO 61 Name"",""screeningResult"":""Clear"",""listsChecked"":[""OFAC"",""UN"",""EU"",""National Sanctions List"",""Global PEP""]}],""adjudicationNotes"":""Screening clear. Denial based on other application deficiencies."",""adjudicatedByStaffId"":""reg_002""}",[],Denied,45601,"Identified operational risks were significant, and the proposed mitigation strategies were found to be inadequate.",
APP-2405-0062,prod_062,ent_015,PISP/AISP License,New License,45417,45419,Sandbox,Denied,45519,reg_005,,Alpha Review Team,,"doc_002,doc_003,doc_005,doc_009,doc_011","[{""logId"":""clog_62_1"",""date"":""2024-06-07"",""type"":""Internal Note"",""summary"":""Log 1: Final request for [Missing Document 1] not fulfilled. Concerns raised about [Concern Area 1]."",""loggedByStaffId"":""reg_004""},{""logId"":""clog_62_2"",""date"":""2024-07-10"",""type"":""Call"",""summary"":""Log 2: Final request for [Missing Document 2] not fulfilled. Concerns raised about [Concern Area 2]."",""loggedByStaffId"":""reg_001""}]","{""overallScreeningStatus"":""Potential Match Found"",""lastScreeningDate"":""2024-05-12"",""screenedParties"":[{""partyId"":""person_dir_62"",""partyName"":""Director 62 Name"",""screeningResult"":""Clear"",""listsChecked"":[""OFAC"",""UN"",""EU""]},{""partyId"":""person_ubo_62"",""partyName"":""UBO 62 Name"",""screeningResult"":""Potential Match Found"",""matchDetails"":""Direct match on Sanction List Z for UBO."",""listsChecked"":[""OFAC"",""UN"",""EU"",""National Sanctions List"",""Global PEP""]}],""adjudicationNotes"":""Adverse finding confirmed for UBO. Denial recommended and processed based on this and other factors."",""adjudicatedByStaffId"":""reg_005""}",[],Denied,45519,Sanction screening processes revealed confirmed adverse information concerning key controllers or beneficial owners.,
APP-2409-0063,prod_063,ent_025,Crypto Asset Service Provider License,New License,45557,45560,Direct Portal,Denied,45662,reg_001,,Beta Review Team,,"doc_012,doc_001,doc_003","[{""logId"":""clog_63_1"",""date"":""2024-10-25"",""type"":""Email"",""summary"":""Log 1: Final request for [Missing Document 1] not fulfilled. Concerns raised about [Concern Area 1]."",""loggedByStaffId"":""reg_006""},{""logId"":""clog_63_2"",""date"":""2024-11-28"",""type"":""Call"",""summary"":""Log 2: Final request for [Missing Document 2] not fulfilled. Concerns raised about [Concern Area 2]."",""loggedByStaffId"":""reg_003""}]","{""overallScreeningStatus"":""Clear"",""lastScreeningDate"":""2024-09-30"",""screenedParties"":[{""partyId"":""person_dir_63"",""partyName"":""Director 63 Name"",""screeningResult"":""Clear"",""listsChecked"":[""OFAC"",""UN"",""EU""]},{""partyId"":""person_ubo_63"",""partyName"":""UBO 63 Name"",""screeningResult"":""Clear"",""listsChecked"":[""OFAC"",""UN"",""EU"",""National Sanctions List"",""Global PEP""]}],""adjudicationNotes"":""Screening clear. Denial based on other application deficiencies."",""adjudicatedByStaffId"":""reg_007""}",[],Denied,45662,Submitted documentation was found to be insufficient and incomplete despite follow-up requests.,
APP-2403-0064,prod_064,ent_035,Credit Institution License,New License,45363,45366,Sandbox,Denied,45468,reg_008,,Gamma Review Team,,"doc_002,doc_005,doc_007,doc_010","[{""logId"":""clog_64_1"",""date"":""2024-04-15"",""type"":""Internal Note"",""summary"":""Log 1: Final request for [Missing Document 1] not fulfilled. Concerns raised about [Concern Area 1]."",""loggedByStaffId"":""reg_002""},{""logId"":""clog_64_2"",""date"":""2024-05-20"",""type"":""Call"",""summary"":""Log 2: Final request for [Missing Document 2] not fulfilled. Concerns raised about [Concern Area 2]."",""loggedByStaffId"":""reg_004""}]","{""overallScreeningStatus"":""Clear"",""lastScreeningDate"":""2024-03-20"",""screenedParties"":[{""partyId"":""person_dir_64"",""partyName"":""Director 64 Name"",""screeningResult"":""Clear"",""listsChecked"":[""OFAC"",""UN"",""EU""]},{""partyId"":""person_ubo_64"",""partyName"":""UBO 64 Name"",""screeningResult"":""Clear"",""listsChecked"":[""OFAC"",""UN"",""EU"",""National Sanctions List"",""Global PEP""]}],""adjudicationNotes"":""Screening clear. Denial based on other application deficiencies."",""adjudicatedByStaffId"":""reg_001""}",[],Denied,45468,The applicant failed to adequately demonstrate compliance with minimum capital adequacy requirements.,
APP-2408-0065,prod_065,ent_045,Investment Firm License,New License,45505,45507,Direct Portal,Denied,45608,reg_002,,Alpha Review Team,,"doc_004,doc_006,doc_009,doc_012,doc_001","[{""logId"":""clog_65_1"",""date"":""2024-09-03"",""type"":""Email"",""summary"":""Log 1: Final request for [Missing Document 1] not fulfilled. Concerns raised about [Concern Area 1]."",""loggedByStaffId"":""reg_005""},{""logId"":""clog_65_2"",""date"":""2024-10-10"",""type"":""Call"",""summary"":""Log 2: Final request for [Missing Document 2] not fulfilled. Concerns raised about [Concern Area 2]."",""loggedByStaffId"":""reg_006""}]","{""overallScreeningStatus"":""Potential Match Found"",""lastScreeningDate"":""2024-08-08"",""screenedParties"":[{""partyId"":""person_dir_65"",""partyName"":""Director 65 Name"",""screeningResult"":""Clear"",""listsChecked"":[""OFAC"",""UN"",""EU""]},{""partyId"":""person_ubo_65"",""partyName"":""UBO 65 Name"",""screeningResult"":""Potential Match Found"",""matchDetails"":""Direct match on Sanction List Z for UBO."",""listsChecked"":[""OFAC"",""UN"",""EU"",""National Sanctions List"",""Global PEP""]}],""adjudicationNotes"":""Adverse finding confirmed for UBO. Denial recommended and processed based on this and other factors."",""adjudicatedByStaffId"":""reg_008""}",[],Denied,45608,The AML/CFT controls and procedures outlined by the applicant were deemed unsatisfactory and not robust enough.,