contact_internal_id,entityId,contactId,contact_type,fullName,email,phone,dateOfBirth,nationality,residentialAddress,idDocumentType,idDocumentNumber,idDocumentExpiry,isPEP,role,position,ownershipPercentage
1,ent_001,person_001,Primary Contact,Liam Smith,s.connor@alphacorp.demo,-544,31250,American,"50114 Oak Street, Anchorage, AK, USA",Passport,TPASS0012345,48029,FALSE,,CEO,
2,ent_001,person_001,Director,Liam Smith,s.connor@alphacorp.demo,-544,31250,American,"50759 Oak Street, Chicago, IL, USA",Passport,TPASS0012345,48029,FALSE,Executive Director (CEO),,
3,ent_001,person_002,Director,Liam Brown,j.matrix@alphacorp.demo,-545,28799,American,"50250 Oak Street, Las Vegas, NV, USA",National ID,TNIDM0067890,47406,FALSE,Non-Executive Director,,
4,ent_001,person_003,UBO,Liam Garcia,k.reese@privateemail.demo,-546,32883,American,"50142 Oak Street, Detroit, MI, USA",Passport,TPASS0023456,48638,FALSE,,,60
5,ent_001,person_001,UBO,Liam Smith,s.connor@alphacorp.demo,-544,31250,American,"50104 Oak Street, Tulsa, OK, USA",Passport,TPASS0012345,48029,FALSE,,,40
6,ent_002,person_004,Primary Contact,Liam Rodriguez,e.ripley@betabank.demo,-533,29155,American,"50758 Oak Street, Providence, RI, USA",Passport,FPASS0034567,48440,FALSE,,Head of Innovation,
7,ent_002,person_004,Director,Liam Rodriguez,e.ripley@betabank.demo,-533,29155,American,"5089 Oak Street, Albany, NY, USA",Passport,FPASS0034567,48440,FALSE,Executive Director,,
8,ent_002,person_005,Director,Liam Lopez,m.dyson@betabank.demo,-534,23785,American,"50432 Oak Street, New Orleans, LA, USA",National ID,FNIDM0098765,46893,TRUE,Chairman (Non-Executive),,
9,ent_002,person_006,UBO,Liam Wilson,b.weyland@weylandcorp.demo,-535,18597,American,"5030 Oak Street, Los Angeles, CA, USA",Passport,FPASS0045678,46397,TRUE,,,75
10,ent_003,person_007,Primary Contact,Liam Thomas,m.rockatansky@gammatrade.demo,-522,30044,American,"50223 Oak Street, Miami, FL, USA",DZ Passport,DZPASS0056789,47671,FALSE,,Chief Operations Officer,
11,ent_003,person_007,Director,Liam Thomas,m.rockatansky@gammatrade.demo,-522,30044,American,"50517 Oak Street, Detroit, MI, USA",DZ Passport,DZPASS0056789,47671,FALSE,Managing Director,,
12,ent_003,person_008,Director,Liam Jackson,a.entity@gammatrade.demo,-523,25098,American,"5027 Oak Street, Sacramento, CA, USA",DZ National ID,DZNID0012345,49270,TRUE,Director,,
13,ent_003,person_009,UBO,Liam Lee,i.joe@citadelholdings.demo,-524,20214,American,"50203 Oak Street, Boulder, CO, USA",DZ Passport,DZPASS0067890,46368,TRUE,,,100
14,ent_004,person_010,Primary Contact,Liam Thompson,d.prince@deltasecure.demo,-1459,32203,American,"50665 Oak Street, Fargo, ND, USA",State Driver's License,NFDL98765P,47177,FALSE,,Chief Security Officer,
15,ent_004,person_010,Director,Liam Thompson,d.prince@deltasecure.demo,-1459,32203,American,"50558 Oak Street, Manchester, NH, USA",State Driver's License,NFDL98765P,47177,FALSE,Executive Director (CSO),,
16,ent_004,person_011,Director,Liam Sanchez,s.trevor@deltasecure.demo,-1460,29536,American,"50225 Oak Street, Cleveland, OH, USA",Passport,USPASSX00789,48862,FALSE,Non-Executive Director,,
17,ent_004,person_012,UBO,Liam Ramirez,ares@olympuscap.demo,-1461,22073,American,"50603 Oak Street, Nashville, TN, USA",Foreign Passport,GRPASSH00123,46973,TRUE,,,80
18,ent_005,person_013,Primary Contact,Liam Robinson,a.curry@epsilongroup.demo,-611,31622,American,"50828 Oak Street, Las Vegas, NV, USA",National ID,CYBNID0054321,49324,FALSE,,Managing Director,
19,ent_005,person_013,Director,Liam Robinson,a.curry@epsilongroup.demo,-611,31622,American,"50777 Oak Street, New York, NY, USA",National ID,CYBNID0054321,49324,FALSE,Managing Director,,
20,ent_005,person_014,Director,Liam Allen,m.xebel@epsilongroup.demo,-612,32053,American,"50714 Oak Street, Phoenix, AZ, USA",Passport,CYBPAS0067890,48548,TRUE,Director of Operations,,
21,ent_005,person_015,UBO,Liam Wright,orm.marius@atlantisroyal.demo,-613,30682,American,"50348 Oak Street, Pittsburgh, PA, USA",Diplomatic Passport,CYBDIP000001,47848,TRUE,,,100
22,ent_006,person_016,Primary Contact,Liam Torres,b.wayne@zetalend.demo,-600,26348,American,"50159 Oak Street, Las Vegas, NV, USA",Passport,LGMPAS000001,47973,TRUE,,Chairman (Stealth),
23,ent_006,person_016,Director,Liam Torres,b.wayne@zetalend.demo,-600,26348,American,"50781 Oak Street, Charlotte, NC, USA",Passport,LGMPAS000001,47973,TRUE,Chairman,,
24,ent_006,person_017,Director,Liam Flores,l.fox@zetalend.demo,-601,20323,American,"50104 Oak Street, Columbus, OH, USA",National ID,LGMNID0077889,46639,FALSE,CEO (Executive Director),,
25,ent_006,person_016,UBO,Liam Torres,b.wayne@zetalend.demo,-600,26348,American,"50389 Oak Street, Miami, FL, USA",Passport,LGMPAS000001,47973,TRUE,,,90
26,ent_007,person_018,Primary Contact,Liam Nelson,c.kent@etaforex.demo,-589,29280,American,"50367 Oak Street, Boston, MA, USA",Citizen Card,GTRCARD001122,48975,FALSE,,Chief Analyst,
27,ent_007,person_018,Director,Liam Nelson,c.kent@etaforex.demo,-589,29280,American,"50618 Oak Street, Salt Lake City, UT, USA",Citizen Card,GTRCARD001122,48975,FALSE,Executive Director,,
28,ent_007,person_019,Director,Liam Rivera,l.lane@etaforex.demo,-590,30180,American,"50826 Oak Street, Minneapolis, MN, USA",Passport,GTRPAS002233,47741,FALSE,Director of Communications,,
29,ent_007,person_020,UBO,Liam Mitchell,lex.luthor@lexcorp.demo,-591,27706,American,"50747 Oak Street, Los Angeles, CA, USA",Passport,GTRPAS000001,47483,TRUE,,,100
30,ent_008,person_021,Primary Contact,Liam Roberts,t.stark@thetatech.demo,-578,25717,American,"50549 Oak Street, Orlando, FL, USA",Passport,ISPPAS000001S,48699,TRUE,,Chief Innovation Officer,
31,ent_008,person_021,Director,Liam Roberts,t.stark@thetatech.demo,-578,25717,American,"50387 Oak Street, Atlanta, GA, USA",Passport,ISPPAS000001S,48699,TRUE,Executive Chairman,,
32,ent_008,person_022,Director,Liam Evans,p.potts@thetatech.demo,-579,28775,American,"50565 Oak Street, Miami, FL, USA",National ID,ISPNID003344P,48049,FALSE,CEO (Executive Director),,
33,ent_008,person_021,UBO,Liam Roberts,t.stark@thetatech.demo,-578,25717,American,"50849 Oak Street, San Diego, CA, USA",Passport,ISPPAS000001S,48699,TRUE,,,51
34,ent_008,person_023,UBO,Liam Parker,o.stane@staneindustries.demo,-580,20104,American,"50633 Oak Street, Anchorage, AK, USA",Passport,ISPPAS009988,47068,FALSE,,,20
35,ent_009,person_024,Primary Contact,Liam Edwards,p.parker@iotaremit.demo,-567,37113,American,"50591 Oak Street, Kansas City, MO, USA",Student ID (Demo),CBUSID007766,46203,FALSE,,Customer Service Lead,
36,ent_009,person_025,Director,Liam Reyes,may.parker@iotaremit.demo,-568,21308,American,"50721 Oak Street, Houston, TX, USA",Senior Citizen Card,CBUSENIOR0011,50770,FALSE,Director (Community Liaison),,
37,ent_009,person_026,Director,Liam Morris,n.osborn@oscorp.demo,-569,23559,American,"5046 Oak Street, Dallas, TX, USA",Passport,CBUPAS000123N,47545,TRUE,Chairman,,
38,ent_009,person_026,UBO,Liam Morris,n.osborn@oscorp.demo,-569,23559,American,"50233 Oak Street, Charleston, SC, USA",Passport,CBUPAS000123N,47545,TRUE,,,85
39,ent_010,person_027,Primary Contact,Liam Cook,c.xavier@kappawealth.demo,-556,18556,American,"50296 Oak Street, Birmingham, AL, USA",National ID,GDINID000001X,49674,FALSE,,Founder & Chief Strategist,
40,ent_010,person_027,Director,Liam Cook,c.xavier@kappawealth.demo,-556,18556,American,"50875 Oak Street, Miami, FL, USA",National ID,GDINID000001X,49674,FALSE,Chairman,,
41,ent_010,person_028,Director,Liam Ortiz,j.grey@kappawealth.demo,-557,30473,American,"50887 Oak Street, Detroit, MI, USA",Passport,GDIPAS007788J,48359,FALSE,CEO (Executive Director),,
42,ent_010,person_027,UBO,Liam Cook,c.xavier@kappawealth.demo,-556,18556,American,"50389 Oak Street, Boston, MA, USA",National ID,GDINID000001X,49674,FALSE,,,100
43,ent_011,person_029,Primary Contact,Liam Peterson,r.richards@lambdacrowd.demo,-1655,25628,American,"50464 Oak Street, Las Vegas, NV, USA",Passport,POIPAS000004R,48163,FALSE,,Chief Technical Officer,
44,ent_011,person_029,Director,Liam Peterson,r.richards@lambdacrowd.demo,-1655,25628,American,"50854 Oak Street, Anchorage, AK, USA",Passport,POIPAS000004R,48163,FALSE,Executive Director (CTO),,
45,ent_011,person_030,Director,Liam Kelly,s.storm@lambdacrowd.demo,-1656,27642,American,"50166 Oak Street, Kansas City, MO, USA",National ID,POINID000005S,49132,FALSE,CEO (Executive Director),,
46,ent_011,person_031,Director,Liam Ramos,b.grimm@lambdacrowd.demo,-1657,27010,American,"50363 Oak Street, Kansas City, MO, USA",Pilot License (Demo ID Type),POIPLT000006B,47338,FALSE,Director of Investor Relations,,
47,ent_011,person_029,UBO,Liam Peterson,r.richards@lambdacrowd.demo,-1655,25628,American,"50686 Oak Street, Charlotte, NC, USA",Passport,POIPAS000004R,48163,FALSE,,,25
48,ent_011,person_030,UBO,Liam Kelly,s.storm@lambdacrowd.demo,-1656,27642,American,"50718 Oak Street, Las Vegas, NV, USA",National ID,POINID000005S,49132,FALSE,,,25
49,ent_011,person_031,UBO,Liam Ramos,b.grimm@lambdacrowd.demo,-1657,27010,American,"50663 Oak Street, Providence, RI, USA",Pilot License (Demo ID Type),POIPLT000006B,47338,FALSE,,,25
50,ent_011,person_032,UBO,Liam Watson,j.storm@lambdacrowd.demo,-1658,31048,American,"50623 Oak Street, Dallas, TX, USA",Racing License (Demo ID Type),POIRACE00007J,46449,FALSE,,,25
51,ent_012,person_033,Primary Contact,Liam Chavez,s.strange@mumicro.demo,-1634,25160,American,"50175 Oak Street, Anchorage, AK, USA",Practitioner License (Demo),EQPRAC00001S,47787,FALSE,,Chief Executive Officer,
52,ent_012,person_033,Director,Liam Chavez,s.strange@mumicro.demo,-1634,25160,American,"50746 Oak Street, Albany, NY, USA",Practitioner License (Demo),EQPRAC00001S,47787,FALSE,Executive Director (CEO),,
53,ent_012,person_034,Director,Liam Bennett,c.palmer@mumicro.demo,-1635,27488,American,"50167 Oak Street, Philadelphia, PA, USA",Medical License (Demo),EQMED00002C,48466,FALSE,Director of Outreach,,
54,ent_012,person_033,UBO,Liam Chavez,s.strange@mumicro.demo,-1634,25160,American,"50388 Oak Street, Orlando, FL, USA",Practitioner License (Demo),EQPRAC00001S,47787,FALSE,,,0
55,ent_013,person_035,Primary Contact,Liam Ruiz,w.maximoff@nudigital.demo,-1623,32549,American,"50655 Oak Street, Las Vegas, NV, USA",Resident Permit,SIRPERM0003W,46948,FALSE,,Chief Experience Officer,
56,ent_013,person_035,Director,Liam Ruiz,w.maximoff@nudigital.demo,-1623,32549,American,"50570 Oak Street, Manchester, NH, USA",Resident Permit,SIRPERM0003W,46948,FALSE,Executive Director (CXO),,
57,ent_013,person_036,Director,Liam Alvarez,vision@nudigital.demo,-1624,44686,American,"50701 Oak Street, Detroit, MI, USA",Synthetic Being ID (Demo),SIRSYNTH0001V,N/A,FALSE,Chief Technology Officer,,
58,ent_013,person_037,UBO,Liam Sanders,a.harkness@darkhold.demo,-1625,14611,American,"50863 Oak Street, Austin, TX, USA",Ancient Grimoire (Demo ID),GRIMOIRE001A,Eternity,TRUE,,,66.6
59,ent_014,person_038,Primary Contact,Liam Myers,s.chi@xicapital.demo,-1612,31292,American,"50794 Oak Street, Birmingham, AL, USA",OFH National ID,OFHNID00888S,48811,FALSE,,Head of Trading,
60,ent_014,person_038,Director,Liam Myers,s.chi@xicapital.demo,-1612,31292,American,"50234 Oak Street, San Francisco, CA, USA",OFH National ID,OFHNID00888S,48811,FALSE,Executive Director,,
61,ent_014,person_039,Director,Liam Foster,wenwu@tenrings.org.demo,-1613,-328716,American,"50824 Oak Street, Los Angeles, CA, USA",Ancient Artifact (Demo ID),TENRINGS001W,N/A,TRUE,Chairman (Shadow),,
62,ent_014,person_039,UBO,Liam Foster,wenwu@tenrings.org.demo,-1613,-328716,American,"50410 Oak Street, Austin, TX, USA",Ancient Artifact (Demo ID),TENRINGS001W,N/A,TRUE,,,100
63,ent_015,person_040,Primary Contact,Liam Jenkins,s.lang@omicronapi.demo,-1601,28647,American,"5067 Oak Street, Las Vegas, NV, USA",Engineering License (Demo),IOPENG00123S,47253,FALSE,,Lead Integration Specialist,
64,ent_015,person_041,Director,Liam Russell,h.pym@omicronapi.demo,-1602,19065,American,"50580 Oak Street, Charlotte, NC, USA",Senior Scientist ID (Demo),IOPSCI00001H,47849,FALSE,Chief Scientist (Non-Executive),,
65,ent_015,person_042,Director,Liam Bell,h.vandyne@omicronapi.demo,-1603,29473,American,"50322 Oak Street, Fargo, ND, USA",Passport,IOPPAS00789H,48790,FALSE,CEO (Executive Director),,
66,ent_015,person_041,UBO,Liam Russell,h.pym@omicronapi.demo,-1602,19065,American,"50671 Oak Street, Charlotte, NC, USA",Senior Scientist ID (Demo),IOPSCI00001H,47849,FALSE,,,70
67,ent_015,person_042,UBO,Liam Bell,h.vandyne@omicronapi.demo,-1603,29473,American,"50405 Oak Street, St. Louis, MO, USA",Passport,IOPPAS00789H,48790,FALSE,,,30
68,ent_016,person_043,Primary Contact,Noah Smith,n.romanoff@pidigital.demo,-1590,31008,American,"50469 Oak Street, Honolulu, HI, USA",Covert Operative ID (Demo),AUTCOV00001N,N/A (Continuous),FALSE,,Chief of Operations,
69,ent_016,person_043,Director,Noah Smith,n.romanoff@pidigital.demo,-1590,31008,American,"50271 Oak Street, Denver, CO, USA",Covert Operative ID (Demo),AUTCOV00001N,N/A (Continuous),FALSE,Executive Director (COO),,
70,ent_016,person_044,Director,Noah Brown,n.fury@shield.demo,-1591,18983,American,"50252 Oak Street, Seattle, WA, USA",Level 10 SHIELD ID (Demo),SHIELDL10NF001,N/A,TRUE,Strategic Advisor (Non-Executive Director),,
71,ent_016,person_044,UBO,Noah Brown,n.fury@shield.demo,-1591,18983,American,"50574 Oak Street, Tulsa, OK, USA",Level 10 SHIELD ID (Demo),SHIELDL10NF001,N/A,TRUE,,,100
72,ent_017,person_045,Primary Contact,Noah Miller,m.murdock@rhoregtech.demo,-1579,29563,American,"50269 Oak Street, Albany, NY, USA",Bar Association ID (Demo),GCZBAR001MM,49674,FALSE,,Chief Legal Officer,
73,ent_017,person_045,Director,Noah Miller,m.murdock@rhoregtech.demo,-1579,29563,American,"50598 Oak Street, Tulsa, OK, USA",Bar Association ID (Demo),GCZBAR001MM,49674,FALSE,Executive Director (CLO),,
74,ent_017,person_046,Director,Noah Martinez,f.nelson@rhoregtech.demo,-1580,29499,American,"50597 Oak Street, Pittsburgh, PA, USA",National ID,GCZNID005566F,48380,FALSE,Director of Client Relations,,
75,ent_017,person_047,UBO,Noah Lopez,w.fisk@kingpinholdings.demo,-1581,23762,American,"50370 Oak Street, Indianapolis, IN, USA",Passport,GCZPAS00001W,47187,TRUE,,,55
76,ent_018,person_048,Primary Contact,Noah Wilson,logan@sigmaai.demo,-1568,-6572,American,"50141 Oak Street, Detroit, MI, USA",Military ID (Old - Demo),CANMIL00001X,N/A,FALSE,,Chief Data Scientist,
77,ent_018,person_048,Director,Noah Wilson,logan@sigmaai.demo,-1568,-6572,American,"50505 Oak Street, Raleigh, NC, USA",Military ID (Old - Demo),CANMIL00001X,N/A,FALSE,Executive Director (CDS),,
78,ent_018,person_049,Director,Noah Taylor,o.munroe@sigmaai.demo,-1569,27582,American,"50773 Oak Street, Miami, FL, USA",UN Passport (Demo),UNPAS00123O,48736,FALSE,Director of Ethical AI,,
79,ent_018,person_050,UBO,Noah Jackson,n.essex@essexcorp.demo,-1570,-14853,American,"50881 Oak Street, San Francisco, CA, USA",Victorian Era Birth Certificate (Demo),UKBIRTH1859NSX,N/A,TRUE,,,100
80,ent_019,person_051,Primary Contact,Noah Lee,tchalla@taudefi.demo,-1557,29361,American,"50156 Oak Street, Atlanta, GA, USA",Diplomatic Passport,WAKDP00001T,49310,TRUE,,Chief Strategist,
81,ent_019,person_051,Director,Noah Lee,tchalla@taudefi.demo,-1557,29361,American,"50163 Oak Street, Anchorage, AK, USA",Diplomatic Passport,WAKDP00001T,49310,TRUE,Executive Chairman,,
82,ent_019,person_052,Director,Noah White,shuri@taudefi.demo,-1558,35014,American,"50432 Oak Street, Providence, RI, USA",Royal Family ID (Demo),WAKRF00002S,N/A,TRUE,Chief Technology Officer,,
83,ent_019,person_051,UBO,Noah Lee,tchalla@taudefi.demo,-1557,29361,American,"5065 Oak Street, Sacramento, CA, USA",Diplomatic Passport,WAKDP00001T,49310,TRUE,,,100
84,ent_020,person_053,Primary Contact,Noah Clark,v.doom@upsilongx.demo,-1646,22136,American,"50390 Oak Street, Tampa, FL, USA",Sovereign Ruler ID (Demo),LATSOV00001V,N/A (Lifetime Appointment),TRUE,,Supreme Chairman,
85,ent_020,person_053,Director,Noah Clark,v.doom@upsilongx.demo,-1646,22136,American,"50479 Oak Street, Sacramento, CA, USA",Sovereign Ruler ID (Demo),LATSOV00001V,N/A (Lifetime Appointment),TRUE,Supreme Chairman (Executive),,
86,ent_020,person_054,Director,Noah Robinson,k.vernard@upsilongx.demo,-1647,32935,American,"50257 Oak Street, Richmond, VA, USA",Latverian Heir Apparent ID (Demo),LATHEIR0001K,N/A,TRUE,Deputy Chairman,,
87,ent_020,person_053,UBO,Noah Clark,v.doom@upsilongx.demo,-1646,22136,American,"50881 Oak Street, Boulder, CO, USA",Sovereign Ruler ID (Demo),LATSOV00001V,N/A (Lifetime Appointment),TRUE,,,100
88,ent_021,person_055,Primary Contact,Noah Allen,a.veidt@phiconsulting.demo,-2645,21738,American,"50696 Oak Street, New York, NY, USA",Global Innovator Visa (Demo),KEFGIV00001A,51501,FALSE,,Managing Partner,
89,ent_021,person_055,Director,Noah Allen,a.veidt@phiconsulting.demo,-2645,21738,American,"50117 Oak Street, Omaha, NE, USA",Global Innovator Visa (Demo),KEFGIV00001A,51501,FALSE,Managing Partner (Designated Member),,
90,ent_021,person_056,Director,Noah Scott,dr.m@phiconsulting.demo,N/A,10819,American,"50549 Oak Street, Providence, RI, USA",Quantum Being ID (Demo),KEFQUANTUM001J,Beyond Time,FALSE,Senior Strategic Advisor (Designated Member),,
91,ent_021,person_055,UBO,Noah Allen,a.veidt@phiconsulting.demo,-2645,21738,American,"50273 Oak Street, Santa Fe, NM, USA",Global Innovator Visa (Demo),KEFGIV00001A,51501,FALSE,,,50
92,ent_021,person_056,UBO,Noah Scott,dr.m@phiconsulting.demo,N/A,10819,American,"50656 Oak Street, Birmingham, AL, USA",Quantum Being ID (Demo),KEFQUANTUM001J,Beyond Time,FALSE,,,50
93,ent_022,person_057,Primary Contact,Noah Flores,e.natchios@chipay.demo,-2311,29670,American,"50114 Oak Street, Columbus, OH, USA",Assassin Guild ID (Demo),HAND001EN,N/A,FALSE,,Head of Security,
94,ent_022,person_057,Director,Noah Flores,e.natchios@chipay.demo,-2311,29670,American,"50445 Oak Street, San Diego, CA, USA",Assassin Guild ID (Demo),HAND001EN,N/A,FALSE,Executive Director (Security),,
95,ent_022,person_058,Director,Noah Nelson,stick.chaste@hidden.demo,-2312,10959,American,"50464 Oak Street, Phoenix, AZ, USA",Ancient Scroll of Lineage (Demo),CHASTE001S,N/A,FALSE,Non-Executive Director (Strategic Advisor),,
96,ent_022,person_059,UBO,Noah Hall,k.yoshioka@thehand.demo,-2313,18424,American,"50739 Oak Street, New York, NY, USA",Clan Leader Seal (Demo),HANDCLAN001K,N/A,TRUE,,,100
97,ent_023,person_060,Primary Contact,Noah Campbell,unit7.ultron@psirobo.demo,-2724,44927,American,"50269 Oak Street, Omaha, NE, USA",AI Sentience Certificate (Demo),AUTMAI007U,N/A,FALSE,,Chief Investment Algorithm,
98,ent_023,person_060,Director,Noah Campbell,unit7.ultron@psirobo.demo,-2724,44927,American,"50780 Oak Street, Raleigh, NC, USA",AI Sentience Certificate (Demo),AUTMAI007U,N/A,FALSE,Executive Director (Lead Algorithm),,
99,ent_023,person_061,Director,Noah Roberts,j.pym@psirobo.demo,-2725,44958,American,"50519 Oak Street, Portland, OR, USA",AI Ethics Compliance ID (Demo),AUTMAI008J,N/A,FALSE,Director of AI Ethics & Governance,,
100,ent_023,person_041,UBO,Liam Russell,h.pym@pymtech.demo,-2726,19065,American,"50891 Oak Street, Boston, MA, USA",Inter-Federation Science Pass (Demo),IFSP001HP,47848,FALSE,,,60
101,ent_024,person_062,Primary Contact,Noah Evans,thanos@omegadex.demo,-2713,Unknown (Ancient),American,"50305 Oak Street, Anchorage, AK, USA",Galactic Conqueror Permit (Demo),SCUGCP001T,Until the End of Time,TRUE,,CEO & Founder,
102,ent_024,person_062,Director,Noah Evans,thanos@omegadex.demo,-2713,Unknown (Ancient),American,"50519 Oak Street, Anchorage, AK, USA",Galactic Conqueror Permit (Demo),SCUGCP001T,Until the End of Time,TRUE,Executive Chairman,,
103,ent_024,person_063,Director,Noah Parker,e.maw@omegadex.demo,-2714,Unknown,American,"50203 Oak Street, Sacramento, CA, USA",Herald of Thanos ID (Demo),SCUHOT001EM,N/A,TRUE,Chief Operations Officer,,
104,ent_024,person_062,UBO,Noah Evans,thanos@omegadex.demo,-2713,Unknown (Ancient),American,"50382 Oak Street, Denver, CO, USA",Galactic Conqueror Permit (Demo),SCUGCP001T,Until the End of Time,TRUE,,,100
105,ent_025,person_064,Primary Contact,Noah Collins,j.foster@aetherpay.demo,-2702,30446,American,"50165 Oak Street, Santa Fe, NM, USA",Astrophysicist Guild ID (Demo),CFZASTRO001J,49309,FALSE,,Head of Interdimensional Transfers,
106,ent_025,person_064,Director,Noah Collins,j.foster@aetherpay.demo,-2702,30446,American,"50797 Oak Street, Albany, NY, USA",Astrophysicist Guild ID (Demo),CFZASTRO001J,49309,FALSE,Executive Director,,
107,ent_025,person_065,Director,Noah Morris,e.selvig@aetherpay.demo,-2703,20349,American,"500 Oak Street, Richmond, VA, USA",Senior Research Fellow ID (Demo),CFZSRF001E,47664,FALSE,Scientific Advisor (Non-Executive),,
108,ent_025,person_066,UBO,Noah Murphy,collector@knowhere.demo,-2704,Billions of years ago,American,"50331 Oak Street, Sacramento, CA, USA",Elder of the Universe Permit (Demo),CFZELDER001T,N/A,TRUE,,,70
109,ent_026,person_067,Primary Contact,Noah Rogers,r.deckard@brcap.demo,-2691,43539,American,"5019 Oak Street, St. Louis, MO, USA",Blade Runner License (Retired - Demo),NKPBR009732D,54757,FALSE,,Risk Assessment Consultant,
110,ent_026,person_068,Director,Noah Ortiz,n.wallace@wallacecorp.demo,-2692,33061,American,"50371 Oak Street, Atlanta, GA, USA",Global CEO ID (Demo),GLBLCEO001NW,N/A,TRUE,Chairman and CEO,,
111,ent_026,person_069,Director,Noah Cooper,luv.assistant@wallacecorp.demo,-2693,49675,American,"50245 Oak Street, Baltimore, MD, USA",Replicant ID Series L (Demo),NKPREPLUV001,54788,FALSE,Executive Assistant to Chairman,,
112,ent_026,person_068,UBO,Noah Ortiz,n.wallace@wallacecorp.demo,-2692,33061,American,"50246 Oak Street, San Francisco, CA, USA",Global CEO ID (Demo),GLBLCEO001NW,N/A,TRUE,,,100
113,ent_027,person_070,Primary Contact,Noah Reed,k.zor-el@starlight.demo,-2680,33042,American,"5080 Oak Street, Madison, WI, USA",Interstellar Resident Card (Demo),CRLIRC001K,49674,FALSE,,Chief Visionary Officer,
114,ent_027,person_070,Director,Noah Reed,k.zor-el@starlight.demo,-2680,33042,American,"50749 Oak Street, Miami, FL, USA",Interstellar Resident Card (Demo),CRLIRC001K,49674,FALSE,Executive Director,,
115,ent_027,person_071,Director,Noah Ramos,a.danvers@starlight.demo,-2681,32187,American,"50835 Oak Street, St. Louis, MO, USA",Celestial National ID,CRLNID007AD,48872,FALSE,Director of Operations,,
116,ent_027,person_072,UBO,Noah Cox,j.jonzz@celestialgov.demo,-2682,Ancient Martian,American,"50778 Oak Street, Dallas, TX, USA",Galactic Emissary ID (Demo),CRLGEM001J,N/A,TRUE,,,100
117,ent_028,person_073,Primary Contact,Noah Richardson,h.solo@galaxyassets.demo,-2578,28270,American,"50784 Oak Street, Albany, NY, USA",Pilot License,CORL-PILOT-1977,55153,FALSE,,Chief Risk Officer,
118,ent_028,person_073,Director,Noah Richardson,h.solo@galaxyassets.demo,-2578,28270,American,"50131 Oak Street, Seattle, WA, USA",Pilot License,CORL-PILOT-1977,55153,FALSE,Executive Director (CRO),,
119,ent_028,person_074,Director,Noah Chavez,l.organa@galaxyassets.demo,-2579,28270,American,"50486 Oak Street, Charleston, SC, USA",Diplomatic Passport,DIPLO-ALDE-001,51260,TRUE,Chairperson,,
120,ent_028,person_075,Director,Noah James,chewie@galaxyassets.demo,-2580,16303,American,"50169 Oak Street, Boulder, CO, USA",Wookiee Clan ID,WOOK-CLAN-77,109575,FALSE,Director of Security,,
121,ent_028,person_074,UBO,Noah Chavez,l.organa@galaxyassets.demo,-2579,28270,American,"50540 Oak Street, Minneapolis, MN, USA",Diplomatic Passport,DIPLO-ALDE-001,51260,TRUE,,,60
122,ent_028,person_073,UBO,Noah Richardson,h.solo@galaxyassets.demo,-2578,28270,American,"50433 Oak Street, Sacramento, CA, USA",Pilot License,CORL-PILOT-1977,55153,FALSE,,,40
123,ent_029,person_076,Primary Contact,Noah Ruiz,h.pym@quantumwallet.demo,-2567,22916,American,"50552 Oak Street, Charlotte, NC, USA",Quantum Physicist ID,QPHYS-001-HP,51501,FALSE,,Founder & CEO,
124,ent_029,person_076,Director,Noah Ruiz,h.pym@quantumwallet.demo,-2567,22916,American,"50747 Oak Street, Santa Fe, NM, USA",Quantum Physicist ID,QPHYS-001-HP,51501,FALSE,CEO & Chairman,,
125,ent_029,person_076,UBO,Noah Ruiz,h.pym@quantumwallet.demo,-2567,22916,American,"50205 Oak Street, Manchester, NH, USA",Quantum Physicist ID,QPHYS-001-HP,51501,FALSE,,,100
126,ent_030,person_077,Primary Contact,Noah Castillo,a.curry@neptunepay.demo,-2556,29198,American,"50319 Oak Street, Fargo, ND, USA",Royal Atlantean ID,ATL-ROYAL-001,73051,TRUE,,CEO,
127,ent_030,person_077,Director,Noah Castillo,a.curry@neptunepay.demo,-2556,29198,American,"50687 Oak Street, Indianapolis, IN, USA",Royal Atlantean ID,ATL-ROYAL-001,73051,TRUE,CEO & Director,,
128,ent_030,person_077,UBO,Noah Castillo,a.curry@neptunepay.demo,-2556,29198,American,"50382 Oak Street, Honolulu, HI, USA",Royal Atlantean ID,ATL-ROYAL-001,73051,TRUE,,,100
129,ent_031,person_078,Primary Contact,Noah Long,e.arendelle@frostbanking.demo,-3544,33566,American,"50529 Oak Street, Nashville, TN, USA",Royal Passport,AREND-ROYAL-103,51501,TRUE,,Founder & Chairwoman,
130,ent_031,person_078,Director,Noah Long,e.arendelle@frostbanking.demo,-3544,33566,American,"50123 Oak Street, Nashville, TN, USA",Royal Passport,AREND-ROYAL-103,51501,TRUE,Chairwoman,,
131,ent_031,person_079,Director,Noah Jimenez,a.arendelle@frostbanking.demo,-3545,34506,American,"50230 Oak Street, Philadelphia, PA, USA",Royal Passport,AREND-ROYAL-104,51501,TRUE,CEO,,
132,ent_031,person_080,Director,Noah Jenkins,k.bjorgman@frostbanking.demo,-3546,32925,American,"50346 Oak Street, Dallas, TX, USA",Royal Court ID,AREND-COURT-105,51470,TRUE,COO,,
133,ent_031,person_078,UBO,Noah Long,e.arendelle@frostbanking.demo,-3544,33566,American,"50602 Oak Street, Chicago, IL, USA",Royal Passport,AREND-ROYAL-103,51501,TRUE,,,55
134,ent_031,person_079,UBO,Noah Jimenez,a.arendelle@frostbanking.demo,-3545,34506,American,"50235 Oak Street, Boulder, CO, USA",Royal Passport,AREND-ROYAL-104,51501,TRUE,,,45
135,ent_032,person_081,Primary Contact,Noah Bell,o.diggs@emeraldcityinvest.demo,-3533,22924,American,"50225 Oak Street, New Orleans, LA, USA",Wizard Certificate,OZ-WIZARD-001,49674,TRUE,,CEO & Founder,
136,ent_032,person_081,Director,Noah Bell,o.diggs@emeraldcityinvest.demo,-3533,22924,American,"5072 Oak Street, New York, NY, USA",Wizard Certificate,OZ-WIZARD-001,49674,TRUE,Chief Executive Officer,,
137,ent_032,person_081,UBO,Noah Bell,o.diggs@emeraldcityinvest.demo,-3533,22924,American,"50646 Oak Street, Fargo, ND, USA",Wizard Certificate,OZ-WIZARD-001,49674,TRUE,,,100
138,ent_033,person_082,Primary Contact,Oliver Smith,l.fox@gothamsecure.demo,-3522,23345,American,"50234 Oak Street, San Francisco, CA, USA",Gotham City ID,GOTHID-LF-001,47848,FALSE,,CEO & Chief Technologist,
139,ent_033,person_082,Director,Oliver Smith,l.fox@gothamsecure.demo,-3522,23345,American,"5032 Oak Street, Dallas, TX, USA",Gotham City ID,GOTHID-LF-001,47848,FALSE,CEO,,
140,ent_033,person_083,UBO,Oliver Brown,b.wayne@waynecorp.demo,-3523,26348,American,"5072 Oak Street, Columbus, OH, USA",Gotham Elite ID,GOTHEL-BW-001,51501,TRUE,,,100
141,ent_034,person_084,Primary Contact,Oliver Garcia,shuri@wakandafintech.demo,-3511,35014,American,"50243 Oak Street, Raleigh, NC, USA",Royal ID Card,WKDROY-SH-001,54789,TRUE,,Chief Innovation Officer,
142,ent_034,person_084,Director,Oliver Garcia,shuri@wakandafintech.demo,-3511,35014,American,"50685 Oak Street, Las Vegas, NV, USA",Royal ID Card,WKDROY-SH-001,54789,TRUE,Executive Director & CIO,,
143,ent_034,person_084,UBO,Oliver Garcia,shuri@wakandafintech.demo,-3511,35014,American,"50219 Oak Street, St. Louis, MO, USA",Royal ID Card,WKDROY-SH-001,54789,TRUE,,,100
144,ent_035,person_085,Primary Contact,Oliver Martinez,v.potts@starkpayments.demo,-3500,28760,American,"50135 Oak Street, Albany, NY, USA",US Passport,US-VP-779124,48502,FALSE,,CEO,
145,ent_035,person_085,Director,Oliver Martinez,v.potts@starkpayments.demo,-3500,28760,American,"50584 Oak Street, Omaha, NE, USA",US Passport,US-VP-779124,48502,FALSE,Chief Executive Officer,,
146,ent_035,person_086,UBO,Oliver Gonzales,t.stark@starkindustries.demo,-3501,25717,American,"50484 Oak Street, Madison, WI, USA",US Passport,US-TS-123456,48760,TRUE,,,100
147,ent_036,person_087,Primary Contact,Oliver Anderson,b.baggins@hobbitsecurities.demo,-3489,18528,American,"50803 Oak Street, Philadelphia, PA, USA",Shire Identification Card,SHRID-BB-001,52596,FALSE,,Founder & Chairman,
148,ent_036,person_087,Director,Oliver Anderson,b.baggins@hobbitsecurities.demo,-3489,18528,American,"50826 Oak Street, Milwaukee, WI, USA",Shire Identification Card,SHRID-BB-001,52596,FALSE,Chairman,,
149,ent_036,person_088,Director,Oliver Moore,f.baggins@hobbitsecurities.demo,-3490,29486,American,"50194 Oak Street, Cleveland, OH, USA",Shire Identification Card,SHRID-FB-002,55153,FALSE,CEO,,
150,ent_036,person_087,UBO,Oliver Anderson,b.baggins@hobbitsecurities.demo,-3489,18528,American,"5099 Oak Street, Boston, MA, USA",Shire Identification Card,SHRID-BB-001,52596,FALSE,,,75
151,ent_036,person_088,UBO,Oliver Moore,f.baggins@hobbitsecurities.demo,-3490,29486,American,"50441 Oak Street, Charleston, SC, USA",Shire Identification Card,SHRID-FB-002,55153,FALSE,,,25
152,ent_037,person_089,Primary Contact,Oliver Perez,k.flynn@trondigital.demo,-3478,20522,American,"50433 Oak Street, Salt Lake City, UT, USA",Digital Identity Disc,GRID-KF-001,54789,FALSE,,Founder & CEO,
153,ent_037,person_089,Director,Oliver Perez,k.flynn@trondigital.demo,-3478,20522,American,"50478 Oak Street, Cleveland, OH, USA",Digital Identity Disc,GRID-KF-001,54789,FALSE,CEO & Director,,
154,ent_037,person_089,UBO,Oliver Perez,k.flynn@trondigital.demo,-3478,20522,American,"5055 Oak Street, Omaha, NE, USA",Digital Identity Disc,GRID-KF-001,54789,FALSE,,,100
155,ent_038,person_090,Primary Contact,Oliver Sanchez,m.dyson@skynetfinancial.demo,-3467,27576,American,"50669 Oak Street, Providence, RI, USA",Cyberdyne Research ID,CYBR-MD-001,49674,FALSE,,Head of Research & Development,
156,ent_038,person_090,Director,Oliver Sanchez,m.dyson@skynetfinancial.demo,-3467,27576,American,"50100 Oak Street, Honolulu, HI, USA",Cyberdyne Research ID,CYBR-MD-001,49674,FALSE,CTO & Director,,
157,ent_038,person_091,UBO,Oliver Lewis,corporate@cyberdyne.demo,-3468,30682,American,"50412 Oak Street, San Francisco, CA, USA",Corporate Registration,CYBCORP-001,N/A,FALSE,,,100
158,ent_039,person_092,Primary Contact,Oliver Walker,griphook@hogwartsfinancial.demo,-3456,6210,American,"50347 Oak Street, Omaha, NE, USA",Gringotts Employee ID,GRING-G-001,73051,FALSE,,CEO & Head of Security,
159,ent_039,person_092,Director,Oliver Walker,griphook@hogwartsfinancial.demo,-3456,6210,American,"50254 Oak Street, Boston, MA, USA",Gringotts Employee ID,GRING-G-001,73051,FALSE,CEO & Director,,
160,ent_039,person_092,UBO,Oliver Walker,griphook@hogwartsfinancial.demo,-3456,6210,American,"50194 Oak Street, Houston, TX, USA",Gringotts Employee ID,GRING-G-001,73051,FALSE,,,100
161,ent_040,person_093,Primary Contact,Oliver Wright,j.sully@pandoradigital.demo,-4545,31381,American,"50459 Oak Street, Albany, NY, USA",Avatar Program ID,AVAT-JS-001,53327,TRUE,,CEO & Cultural Liaison,
162,ent_040,person_093,Director,Oliver Wright,j.sully@pandoradigital.demo,-4545,31381,American,"50432 Oak Street, Seattle, WA, USA",Avatar Program ID,AVAT-JS-001,53327,TRUE,CEO & Director,,
163,ent_040,person_093,UBO,Oliver Wright,j.sully@pandoradigital.demo,-4545,31381,American,"50285 Oak Street, Portland, OR, USA",Avatar Program ID,AVAT-JS-001,53327,TRUE,,,100
164,ent_041,person_094,Primary Contact,Oliver Hill,j.hammond@jurassicinvest.demo,-4544,14684,American,"50255 Oak Street, Orlando, FL, USA",INP Founder's ID,INP-JH-001,49674,TRUE,,Founder & Managing Partner,
165,ent_041,person_094,Director,Oliver Hill,j.hammond@jurassicinvest.demo,-4544,14684,American,"50453 Oak Street, Dallas, TX, USA",INP Founder's ID,INP-JH-001,49674,TRUE,Managing Partner,,
166,ent_041,person_094,UBO,Oliver Hill,j.hammond@jurassicinvest.demo,-4544,14684,American,"50100 Oak Street, Boulder, CO, USA",INP Founder's ID,INP-JH-001,49674,TRUE,,,100
167,ent_042,person_095,Primary Contact,Oliver Nelson,neo@matrixdigital.demo,-4533,26189,American,"50667 Oak Street, San Francisco, CA, USA",Digital Presence Auth Card,DPAC-NEO-001,N/A,TRUE,,Founder & CTO,
168,ent_042,person_095,Director,Oliver Nelson,neo@matrixdigital.demo,-4533,26189,American,"50856 Oak Street, Albany, NY, USA",Digital Presence Auth Card,DPAC-NEO-001,N/A,TRUE,CTO & Director,,
169,ent_042,person_096,Director,Oliver Rivera,morpheus@matrixdigital.demo,-4534,22492,American,"5095 Oak Street, New York, NY, USA",Zion Captain Credentials,ZCAPT-MOR-001,51501,TRUE,CEO,,
170,ent_042,person_095,UBO,Oliver Nelson,neo@matrixdigital.demo,-4533,26189,American,"50869 Oak Street, Santa Fe, NM, USA",Digital Presence Auth Card,DPAC-NEO-001,N/A,TRUE,,,51
171,ent_042,person_096,UBO,Oliver Rivera,morpheus@matrixdigital.demo,-4534,22492,American,"50170 Oak Street, Philadelphia, PA, USA",Zion Captain Credentials,ZCAPT-MOR-001,51501,TRUE,,,49
172,ent_043,person_097,Primary Contact,Oliver Roberts,i.rael@xandarpay.demo,-4522,25749,American,"50497 Oak Street, Cleveland, OH, USA",Nova Prime Credentials,NOVAPRIME-001,51501,TRUE,,CEO & Founder,
173,ent_043,person_097,Director,Oliver Roberts,i.rael@xandarpay.demo,-4522,25749,American,"50218 Oak Street, Milwaukee, WI, USA",Nova Prime Credentials,NOVAPRIME-001,51501,TRUE,CEO & Director,,
174,ent_043,person_097,UBO,Oliver Roberts,i.rael@xandarpay.demo,-4522,25749,American,"5060 Oak Street, Indianapolis, IN, USA",Nova Prime Credentials,NOVAPRIME-001,51501,TRUE,,,100
175,ent_044,person_098,Primary Contact,Oliver Turner,kal.el@kryptonfinance.demo,-4511,30485,American,"50388 Oak Street, Phoenix, AZ, USA",House of El ID,KRYPT-EL-001,127837,TRUE,,President & Founder,
176,ent_044,person_098,Director,Oliver Turner,kal.el@kryptonfinance.demo,-4511,30485,American,"50399 Oak Street, New York, NY, USA",House of El ID,KRYPT-EL-001,127837,TRUE,President & Director,,
177,ent_044,person_098,UBO,Oliver Turner,kal.el@kryptonfinance.demo,-4511,30485,American,"50802 Oak Street, Minneapolis, MN, USA",House of El ID,KRYPT-EL-001,127837,TRUE,,,100
178,ent_045,person_099,Primary Contact,Oliver Edwards,t.lannister@westerosbank.demo,-4500,25365,American,"50292 Oak Street, Orlando, FL, USA",Small Council Badge,WSTSC-TL-001,49674,TRUE,,Master of Coin & CEO,
179,ent_045,person_099,Director,Oliver Edwards,t.lannister@westerosbank.demo,-4500,25365,American,"50713 Oak Street, Pittsburgh, PA, USA",Small Council Badge,WSTSC-TL-001,49674,TRUE,CEO & Director,,
180,ent_045,person_100,UBO,Oliver Stewart,b.stark@ironthrone.demo,-4501,36260,American,"50802 Oak Street, Omaha, NE, USA",Royal Seal,WSTROY-BS-001,N/A,TRUE,,,100
181,ent_046,person_101,Primary Contact,Oliver Morales,p.amidala@nabooexchange.demo,-4489,29746,American,"50677 Oak Street, Boulder, CO, USA",Royal Identification,NABROY-PA-001,49674,TRUE,,Chairwoman & Royal Representative,
182,ent_046,person_101,Director,Oliver Morales,p.amidala@nabooexchange.demo,-4489,29746,American,"50498 Oak Street, Fargo, ND, USA",Royal Identification,NABROY-PA-001,49674,TRUE,Chairwoman,,
183,ent_046,person_101,UBO,Oliver Morales,p.amidala@nabooexchange.demo,-4489,29746,American,"50194 Oak Street, Denver, CO, USA",Royal Identification,NABROY-PA-001,49674,TRUE,,,100
184,ent_047,person_102,Primary Contact,Oliver Gutierrez,doctor@gallifreybank.demo,-4478,Unknown (Ancient),American,"50222 Oak Street, San Diego, CA, USA",Time Lord Matrix Designation,TLMD-DOC-001,N/A,TRUE,,Temporal Risk Officer,
185,ent_047,person_102,Director,Oliver Gutierrez,doctor@gallifreybank.demo,-4478,Unknown (Ancient),American,"50593 Oak Street, San Francisco, CA, USA",Time Lord Matrix Designation,TLMD-DOC-001,N/A,TRUE,Non-Executive Director,,
186,ent_047,person_103,UBO,Oliver Cooper,council@gallifrey.demo,-4479,Ancient (Pre-Universe),American,"50555 Oak Street, Tulsa, OK, USA",High Council Charter,TLHC-CHARTER-001,N/A,TRUE,,,100
187,ent_048,person_104,Primary Contact,Oliver Bailey,l.calrissian@bespincredit.demo,-4467,28962,American,"50765 Oak Street, San Francisco, CA, USA",Bespin Administrator ID,BESADM-LC-001,50770,TRUE,,Chairman & Administrator,
188,ent_048,person_104,Director,Oliver Bailey,l.calrissian@bespincredit.demo,-4467,28962,American,"5058 Oak Street, Austin, TX, USA",Bespin Administrator ID,BESADM-LC-001,50770,TRUE,Chairman & Director,,
189,ent_048,person_104,UBO,Oliver Bailey,l.calrissian@bespincredit.demo,-4467,28962,American,"50598 Oak Street, San Francisco, CA, USA",Bespin Administrator ID,BESADM-LC-001,50770,TRUE,,,100
190,ent_049,person_105,Primary Contact,Oliver Ramos,p.white@dailyplanetpension.demo,-4456,21777,American,"50514 Oak Street, Milwaukee, WI, USA",Press Credentials,METPRESS-PW-001,47848,FALSE,,CEO & Trustee,
191,ent_049,person_105,Director,Oliver Ramos,p.white@dailyplanetpension.demo,-4456,21777,American,"50161 Oak Street, Richmond, VA, USA",Press Credentials,METPRESS-PW-001,47848,FALSE,CEO & Director,,
192,ent_049,person_106,UBO,Oliver Ward,corporate@waynegroup.demo,-4457,14763,American,"50520 Oak Street, San Francisco, CA, USA",Corporate Registry,WAYGRP-CORP-001,N/A,FALSE,,,100
193,ent_050,person_140,Primary Contact,Oliver Watson,jl.picard@finalfrontier.ufp.demo,-5544,148118,American,"50871 Oak Street, Miami, FL, USA",Federation Citizen ID,UFPID-JLP-001,N/A (Lifetime),TRUE,,Chairman Emeritus,
194,ent_050,person_140,Director,Oliver Watson,jl.picard@finalfrontier.ufp.demo,-5544,148118,American,"5070 Oak Street, Portland, OR, USA",Federation Citizen ID,UFPID-JLP-001,N/A (Lifetime),TRUE,Chairman Emeritus (Non-Executive),,
195,ent_050,person_141,Director,Oliver Wood,w.riker@finalfrontier.ufp.demo,-5545,159112,American,"5069 Oak Street, Sacramento, CA, USA",Starfleet Captain ID,SFID-WTR-002,N/A (Active Duty),TRUE,CEO (Executive Director),,
196,ent_050,person_142,Director,Oliver Bennett,data.soong@finalfrontier.ufp.demo,-5546,160010,American,"50882 Oak Street, Providence, RI, USA",Android Citizen ID,UFPANDROID-DS-003,N/A,FALSE,Chief Technology Officer,,
197,ent_050,person_143,UBO,Oliver Mendoza,q@continuum.omniverse.demo,Omnipresent,Eternal,American,"50413 Oak Street, Philadelphia, PA, USA",Cosmic Entity Attestation (Demo),Q-00000001,Never,TRUE,,,100